Name,Type,Tech Level,Tritanium,Pyerite,Mexallon,Isogen,Nocxium,Zydrine,Megacyte,Morphite,Lustering Alloy,Sheen Compound,Gleaming Alloy,Condensed Alloy,Precious Alloy,Motley Compound,Fiber Composite,Lucent Compound,Opulent Compound,Glossy Compound,Crystal Compound,Dark Compound,Base Metals,Heavy Metals,Reactive Metals,Noble Metals,Toxic Metals,Reactive Gas,Noble Gas,Industrial Fibers,Supertensile Plastics,Polyaramids,Coolant,Condensates,Construction Blocks,Nanites,Silicate Glass,Smartfab Units,Charred Micro Circuit,Fried Interface Circuit,Tripped Power Circuit,Smashed Trigger Unit,Damaged Close-in Weapon System,Scorched Telemetry Processor,Contaminated Lorentz Fluid,Conductive Polymer,Contaminated Nanite Polymer,Defective Current Pump,Production Cost,Production Time,Production Count
Griffin,Frigate,4,38634,9642,3519,0,0,0,0,0,701,0,706,0,0,706,0,0,0,0,0,0,211,0,0,800,0,0,0,0,0,0,0,0,0,0,0,0,0,0,0,0,0,0,0,0,0,0,200000,1000,1
Bantam,Frigate,5,162785,45857,13226,1979,0,0,0,0,952,0,958,0,0,958,0,0,0,0,0,0,286,0,0,1086,0,0,0,0,0,0,0,0,0,0,0,0,0,0,0,0,0,0,0,0,0,0,550000,2000,1
Bantam II,Frigate,6,567139,160753,50387,8615,2052,0,0,0,3064,0,3084,0,0,0,3494,0,0,0,0,0,0,0,869,3494,0,0,0,0,0,0,0,0,0,0,0,0,0,0,0,0,0,0,0,0,0,0,2500000,4000,1
Condor II,Frigate,4,38195,9533,3479,0,0,0,0,0,693,0,698,0,0,698,0,0,0,0,0,0,208,0,0,791,0,0,0,0,0,0,0,0,0,0,0,0,0,0,0,0,0,0,0,0,0,0,200000,1000,1
Condor Interceptor,Frigate,8,1645247,569344,155976,25665,7209,2965,1208,0,0,0,4428,0,3932,0,5017,0,0,0,0,0,0,0,1248,5017,0,0,0,0,0,0,0,0,0,0,0,0,0,0,0,0,0,0,0,0,0,0,9000000,16000,1
Condor II Interceptor,Frigate,10,6616157,1619490,625053,120316,34805,10379,5203,0,0,0,15875,0,14094,0,17987,0,0,0,0,0,0,0,4473,17987,0,0,0,0,0,0,0,0,0,0,0,0,0,0,0,0,0,0,0,0,0,0,35000000,32000,1
Merlin Assault,Frigate,7,1332759,339920,112371,17468,4755,1679,0,0,0,0,3975,0,3530,0,4504,0,0,0,0,0,0,0,1120,4504,0,0,0,0,0,0,0,0,0,0,0,0,0,0,0,0,0,0,0,0,0,0,5500000,8000,1
Manticore,Frigate,6,584551,165689,51934,8880,2115,0,0,0,3158,0,3179,0,0,0,3601,0,0,0,0,0,0,0,896,3601,0,0,0,0,0,0,0,0,0,0,0,0,0,0,0,0,0,0,0,0,0,0,2500000,4000,1
Manticore II,Frigate,9,2788068,797378,284014,45989,14281,4218,2035,0,0,0,11457,0,10172,0,12981,0,0,0,0,0,0,0,3228,12981,0,0,0,0,0,0,0,0,0,0,0,0,0,0,0,0,0,0,0,0,0,0,15000000,24000,1
Heron Covert Ops,Frigate,5,187931,52941,15270,2284,0,0,0,0,1099,0,1106,0,0,1106,0,0,0,0,0,0,330,0,0,1253,0,0,0,0,0,0,0,0,0,0,0,0,0,0,0,0,0,0,0,0,0,0,650000,2000,1
Vigil,Frigate,4,40779,8243,3321,0,0,0,0,0,725,0,729,0,0,729,0,0,0,0,0,0,218,0,0,826,0,0,0,0,0,0,0,0,0,0,0,0,0,0,0,0,0,0,0,0,0,0,200000,1000,1
Burst,Frigate,5,162723,37124,11823,2296,0,0,0,0,932,0,938,0,0,938,0,0,0,0,0,0,280,0,0,1062,0,0,0,0,0,0,0,0,0,0,0,0,0,0,0,0,0,0,0,0,0,0,500000,2000,1
Burst II,Frigate,6,575596,132129,45730,10148,2572,0,0,0,3044,0,3064,0,0,0,3471,0,0,0,0,0,0,0,864,3471,0,0,0,0,0,0,0,0,0,0,0,0,0,0,0,0,0,0,0,0,0,0,2500000,4000,1
Slasher II,Frigate,4,39389,7962,3208,0,0,0,0,0,700,0,705,0,0,705,0,0,0,0,0,0,210,0,0,798,0,0,0,0,0,0,0,0,0,0,0,0,0,0,0,0,0,0,0,0,0,0,200000,1000,1
Slasher Interceptor,Frigate,8,1612402,451882,136694,29193,8724,2739,1031,0,0,0,4248,0,3772,0,4814,0,0,0,0,0,0,0,1197,4814,0,0,0,0,0,0,0,0,0,0,0,0,0,0,0,0,0,0,0,0,0,0,8500000,16000,1
Slasher II Interceptor,Frigate,10,6573327,2112479,582554,116946,32274,10510,6203,0,0,0,15634,0,13880,0,17713,0,0,0,0,0,0,0,4405,17713,0,0,0,0,0,0,0,0,0,0,0,0,0,0,0,0,0,0,0,0,0,0,40000000,32000,1
Breacher Assault,Frigate,7,1339143,276605,100967,20371,5899,1591,0,0,0,0,3910,0,3472,0,4430,0,0,0,0,0,0,0,1102,4430,0,0,0,0,0,0,0,0,0,0,0,0,0,0,0,0,0,0,0,0,0,0,5500000,8000,1
Hound,Frigate,6,550461,126359,43733,9705,2459,0,0,0,2911,0,2930,0,0,0,3320,0,0,0,0,0,0,0,826,3320,0,0,0,0,0,0,0,0,0,0,0,0,0,0,0,0,0,0,0,0,0,0,2500000,4000,1
Hound II,Frigate,9,2737098,798066,249692,39121,12818,4276,2401,0,0,0,10283,0,9130,0,11651,0,0,0,0,0,0,0,2897,11651,0,0,0,0,0,0,0,0,0,0,0,0,0,0,0,0,0,0,0,0,0,0,15000000,24000,1
Probe Covert Ops,Frigate,5,185970,42427,13512,2623,0,0,0,0,1065,0,1072,0,0,1072,0,0,0,0,0,0,320,0,0,1214,0,0,0,0,0,0,0,0,0,0,0,0,0,0,0,0,0,0,0,0,0,0,600000,2000,1
Crucifier,Frigate,4,48980,8096,3258,0,0,0,0,0,689,743,0,0,0,694,0,0,0,0,0,0,207,743,0,0,0,0,0,0,0,0,0,0,0,0,0,0,0,0,0,0,0,0,0,0,0,0,200000,1000,1
Inquisitor,Frigate,5,204157,38089,12114,1884,0,0,0,0,925,997,0,0,0,931,0,0,0,0,0,0,278,997,0,0,0,0,0,0,0,0,0,0,0,0,0,0,0,0,0,0,0,0,0,0,0,0,550000,2000,1
Inquisitor II,Frigate,6,743214,139515,48222,8569,2368,0,0,0,3112,3353,0,0,0,0,3549,0,0,0,0,0,0,3353,883,0,0,0,0,0,0,0,0,0,0,0,0,0,0,0,0,0,0,0,0,0,0,0,2500000,4000,1
Executioner II,Frigate,4,49543,8189,3296,0,0,0,0,0,697,751,0,0,0,702,0,0,0,0,0,0,210,751,0,0,0,0,0,0,0,0,0,0,0,0,0,0,0,0,0,0,0,0,0,0,0,0,200000,1000,1
Executioner Interceptor,Frigate,8,2097627,480738,145228,24837,8094,2116,1372,0,0,4684,0,0,3885,0,4957,0,0,0,0,0,0,4684,1233,0,0,0,0,0,0,0,0,0,0,0,0,0,0,0,0,0,0,0,0,0,0,0,9000000,16000,1
Executioner II Interceptor,Frigate,10,7802069,1933166,637386,108460,29728,11092,5003,0,0,16289,0,0,13509,0,17240,0,0,0,0,0,0,16289,4287,0,0,0,0,0,0,0,0,0,0,0,0,0,0,0,0,0,0,0,0,0,0,0,35000000,32000,1
Punisher Assault,Frigate,7,1861121,314367,114597,18515,5848,1313,0,0,0,4606,0,0,3820,0,4875,0,0,0,0,0,0,4606,1212,0,0,0,0,0,0,0,0,0,0,0,0,0,0,0,0,0,0,0,0,0,0,0,6000000,8000,1
Purifier,Frigate,6,708425,132985,45964,8168,2257,0,0,0,2966,3196,0,0,0,0,3382,0,0,0,0,0,0,3196,841,0,0,0,0,0,0,0,0,0,0,0,0,0,0,0,0,0,0,0,0,0,0,0,2500000,4000,1
Purifier II,Frigate,9,2933503,648228,243299,46639,10820,4315,2567,0,0,11230,0,0,9313,0,11885,0,0,0,0,0,0,11230,2956,0,0,0,0,0,0,0,0,0,0,0,0,0,0,0,0,0,0,0,0,0,0,0,15000000,24000,1
Magnate Covert Ops,Frigate,5,226274,42215,13426,2088,0,0,0,0,1026,1105,0,0,0,1032,0,0,0,0,0,0,308,1105,0,0,0,0,0,0,0,0,0,0,0,0,0,0,0,0,0,0,0,0,0,0,0,0,600000,2000,1
Maulus,Frigate,4,36363,8757,3316,0,0,0,0,0,667,719,0,0,0,672,0,0,0,0,0,0,201,719,0,0,0,0,0,0,0,0,0,0,0,0,0,0,0,0,0,0,0,0,0,0,0,0,200000,1000,1
Navitas,Frigate,5,163076,44328,13265,1921,0,0,0,0,964,1039,0,0,0,970,0,0,0,0,0,0,290,1039,0,0,0,0,0,0,0,0,0,0,0,0,0,0,0,0,0,0,0,0,0,0,0,0,550000,2000,1
Navitas II,Frigate,6,548634,150053,48799,8077,2303,0,0,0,2996,3228,0,0,0,0,3417,0,0,0,0,0,0,3228,850,0,0,0,0,0,0,0,0,0,0,0,0,0,0,0,0,0,0,0,0,0,0,0,2500000,4000,1
Atron II,Frigate,4,36363,8757,3316,0,0,0,0,0,667,719,0,0,0,672,0,0,0,0,0,0,201,719,0,0,0,0,0,0,0,0,0,0,0,0,0,0,0,0,0,0,0,0,0,0,0,0,200000,1000,1
Atron Interceptor,Frigate,8,1592919,531899,151189,24083,8097,2955,1135,0,0,4640,0,0,3848,0,4910,0,0,0,0,0,0,4640,1221,0,0,0,0,0,0,0,0,0,0,0,0,0,0,0,0,0,0,0,0,0,0,0,9000000,16000,1
Atron II Interceptor,Frigate,10,7516250,1571187,663493,90554,23507,10290,5167,0,0,16173,0,0,13413,0,17117,0,0,0,0,0,0,16173,4256,0,0,0,0,0,0,0,0,0,0,0,0,0,0,0,0,0,0,0,0,0,0,0,35000000,32000,1
Incursus Assault,Frigate,7,1341390,330120,113229,17040,5552,1740,0,0,0,4330,0,0,3591,0,4583,0,0,0,0,0,0,4330,1140,0,0,0,0,0,0,0,0,0,0,0,0,0,0,0,0,0,0,0,0,0,0,0,5500000,8000,1
Nemesis,Frigate,6,563396,154091,50112,8295,2365,0,0,0,3077,3315,0,0,0,0,3509,0,0,0,0,0,0,3315,873,0,0,0,0,0,0,0,0,0,0,0,0,0,0,0,0,0,0,0,0,0,0,0,2500000,4000,1
Nemesis II,Frigate,9,3290006,737830,259206,47747,11660,4593,1886,0,0,11315,0,0,9384,0,11976,0,0,0,0,0,0,11315,2978,0,0,0,0,0,0,0,0,0,0,0,0,0,0,0,0,0,0,0,0,0,0,0,15000000,24000,1
Imicus Covert Ops,Frigate,5,192244,52256,15638,2265,0,0,0,0,1137,1225,0,0,0,1144,0,0,0,0,0,0,341,1225,0,0,0,0,0,0,0,0,0,0,0,0,0,0,0,0,0,0,0,0,0,0,0,0,650000,2000,1
Worm,Frigate,6,13729037,4116171,1350259,200324,45509,0,0,0,0,0,0,30200,23665,0,30200,0,0,0,0,0,0,0,7509,0,7448,0,0,0,0,0,0,0,0,0,0,0,0,0,0,0,0,0,0,0,0,0,55000000,36000,1
Dramiel,Frigate,6,14042281,3409566,1234992,237802,57477,0,0,0,0,0,0,30239,23695,0,30239,0,0,0,0,0,0,0,7519,0,7457,0,0,0,0,0,0,0,0,0,0,0,0,0,0,0,0,0,0,0,0,0,55000000,36000,1
Cruor,Frigate,6,16951751,3365928,1217548,187742,49487,0,0,0,0,0,0,28899,22645,0,28899,0,0,0,0,0,0,0,7186,0,7127,0,0,0,0,0,0,0,0,0,0,0,0,0,0,0,0,0,0,0,0,0,55000000,36000,1
Astero,Frigate,6,14227048,3454428,1251242,240931,58233,0,0,0,0,0,0,30637,24007,0,30637,0,0,0,0,0,0,0,7618,0,7555,0,0,0,0,0,0,0,0,0,0,0,0,0,0,0,0,0,0,0,0,0,55000000,36000,1
Garmur,Frigate,6,13363336,4006528,1314292,194988,44297,0,0,0,0,0,0,29396,23034,0,29396,0,0,0,0,0,0,0,7309,0,7249,0,0,0,0,0,0,0,0,0,0,0,0,0,0,0,0,0,0,0,0,0,55000000,36000,1
Succubus,Frigate,6,17281100,3431323,1241203,191389,50448,0,0,0,0,0,0,29461,23085,0,29461,0,0,0,0,0,0,0,7325,0,7265,0,0,0,0,0,0,0,0,0,0,0,0,0,0,0,0,0,0,0,0,0,55000000,36000,1
Daredevil,Frigate,6,13518575,3910893,1331088,191175,51990,0,0,0,0,0,0,30060,23555,0,30060,0,0,0,0,0,0,0,7475,0,7413,0,0,0,0,0,0,0,0,0,0,0,0,0,0,0,0,0,0,0,0,0,55000000,36000,1
Cormorant Guardian,Destroyer,5,264691,74565,21506,3217,0,0,0,0,1548,0,1558,0,0,1558,0,0,0,0,0,0,465,0,0,1765,0,0,0,0,0,0,0,0,0,0,0,0,0,0,0,0,0,0,0,0,0,0,850000,3000,1
Corax,Destroyer,4,59268,14792,5398,0,0,0,0,0,1076,0,1083,0,0,1083,0,0,0,0,0,0,323,0,0,1227,0,0,0,0,0,0,0,0,0,0,0,0,0,0,0,0,0,0,0,0,0,0,300000,1500,1
Cormorant II,Destroyer,4,57073,14244,5198,0,0,0,0,0,1036,0,1043,0,0,1043,0,0,0,0,0,0,311,0,0,1181,0,0,0,0,0,0,0,0,0,0,0,0,0,0,0,0,0,0,0,0,0,0,250000,1500,1
Cormorant Navy Issue,Destroyer,5,262044,73819,21291,3185,0,0,0,0,1532,0,1542,0,0,1542,0,0,0,0,0,0,460,0,0,1747,0,0,0,0,0,0,0,0,0,0,0,0,0,0,0,0,0,0,0,0,0,0,850000,3000,1
Corax Assault,Destroyer,7,2121717,541143,178891,27809,7569,2673,0,0,0,0,6328,0,5619,0,0,6775,0,0,0,0,0,0,1783,7170,0,0,0,0,0,0,0,0,0,0,0,0,0,0,0,0,0,0,0,0,0,0,8500000,12000,1
Corax Sniper,Destroyer,6,830809,235490,73813,12621,3006,0,0,0,4488,0,4517,0,0,0,0,4836,0,0,0,0,0,0,1273,5118,0,0,0,0,0,0,0,0,0,0,0,0,0,0,0,0,0,0,0,0,0,0,3500000,6000,1
Cormorant Covert Ops,Destroyer,10,9702959,2375071,916674,176450,51043,15221,7630,0,0,0,23282,0,20670,0,0,24923,0,0,0,0,0,0,6559,26378,0,0,0,0,0,0,0,0,0,0,0,0,0,0,0,0,0,0,0,0,0,0,55000000,48000,1
Thrasher Guardian,Destroyer,5,284424,64889,20665,4012,0,0,0,0,1628,0,1639,0,0,1639,0,0,0,0,0,0,489,0,0,1857,0,0,0,0,0,0,0,0,0,0,0,0,0,0,0,0,0,0,0,0,0,0,900000,3000,1
Talwar,Destroyer,4,58851,11895,4793,0,0,0,0,0,1046,0,1053,0,0,1053,0,0,0,0,0,0,314,0,0,1192,0,0,0,0,0,0,0,0,0,0,0,0,0,0,0,0,0,0,0,0,0,0,250000,1500,1
Thrasher II,Destroyer,4,61631,12457,5020,0,0,0,0,0,1095,0,1102,0,0,1102,0,0,0,0,0,0,329,0,0,1249,0,0,0,0,0,0,0,0,0,0,0,0,0,0,0,0,0,0,0,0,0,0,250000,1500,1
Thrasher Fleet Issue,Destroyer,5,293996,67072,21361,4147,0,0,0,0,1683,0,1694,0,0,1694,0,0,0,0,0,0,505,0,0,1919,0,0,0,0,0,0,0,0,0,0,0,0,0,0,0,0,0,0,0,0,0,0,950000,3000,1
Talwar Assault,Destroyer,7,1839631,379983,138702,27984,8104,2185,0,0,0,0,5372,0,4769,0,0,5750,0,0,0,0,0,0,1514,6086,0,0,0,0,0,0,0,0,0,0,0,0,0,0,0,0,0,0,0,0,0,0,7500000,12000,1
Talwar Sniper,Destroyer,6,831975,190980,66098,14668,3717,0,0,0,4400,0,4429,0,0,0,0,4741,0,0,0,0,0,0,1248,5017,0,0,0,0,0,0,0,0,0,0,0,0,0,0,0,0,0,0,0,0,0,0,3500000,6000,1
Thrasher Covert Ops,Destroyer,10,9784310,3144397,867124,174072,48039,15643,9233,0,0,0,23271,0,20660,0,0,24912,0,0,0,0,0,0,6556,26366,0,0,0,0,0,0,0,0,0,0,0,0,0,0,0,0,0,0,0,0,0,0,55000000,48000,1
Coercer Guardian,Destroyer,5,348769,65068,20695,3218,0,0,0,0,1581,1703,0,0,0,1591,0,0,0,0,0,0,475,1703,0,0,0,0,0,0,0,0,0,0,0,0,0,0,0,0,0,0,0,0,0,0,0,0,900000,3000,1
Dragoon,Destroyer,4,69811,11539,4644,0,0,0,0,0,982,1058,0,0,0,988,0,0,0,0,0,0,295,1058,0,0,0,0,0,0,0,0,0,0,0,0,0,0,0,0,0,0,0,0,0,0,0,0,250000,1500,1
Coercer II,Destroyer,4,71500,11818,4756,0,0,0,0,0,1006,1084,0,0,0,1012,0,0,0,0,0,0,302,1084,0,0,0,0,0,0,0,0,0,0,0,0,0,0,0,0,0,0,0,0,0,0,0,0,250000,1500,1
Coercer Navy Issue,Destroyer,5,347067,64751,20594,3202,0,0,0,0,1573,1695,0,0,0,1583,0,0,0,0,0,0,472,1695,0,0,0,0,0,0,0,0,0,0,0,0,0,0,0,0,0,0,0,0,0,0,0,0,900000,3000,1
Dragoon Assault,Destroyer,7,2704442,456814,166523,26904,8497,1907,0,0,0,6692,0,0,5550,0,0,6692,0,0,0,0,0,6692,1762,0,0,0,0,0,0,0,0,0,0,0,0,0,0,0,0,0,0,0,0,0,0,0,8500000,12000,1
Dragoon Sniper,Destroyer,6,1122727,210757,72845,12945,3577,0,0,0,4701,5065,0,0,0,0,0,5065,0,0,0,0,0,5065,1333,0,0,0,0,0,0,0,0,0,0,0,0,0,0,0,0,0,0,0,0,0,0,0,3500000,6000,1
Coercer Covert Ops,Destroyer,10,11591270,2872039,946942,161135,44166,16479,7432,0,0,24200,0,0,20070,0,0,24200,0,0,0,0,0,24200,6369,0,0,0,0,0,0,0,0,0,0,0,0,0,0,0,0,0,0,0,0,0,0,0,55000000,48000,1
Catalyst Guardian,Destroyer,5,267815,72798,21785,3155,0,0,0,0,1583,1706,0,0,0,1593,0,0,0,0,0,0,475,1706,0,0,0,0,0,0,0,0,0,0,0,0,0,0,0,0,0,0,0,0,0,0,0,0,850000,3000,1
Algos,Destroyer,4,58706,14138,5353,0,0,0,0,0,1077,1161,0,0,0,1084,0,0,0,0,0,0,324,1161,0,0,0,0,0,0,0,0,0,0,0,0,0,0,0,0,0,0,0,0,0,0,0,0,250000,1500,1
Catalyst II,Destroyer,4,55201,13294,5034,0,0,0,0,0,1013,1091,0,0,0,1019,0,0,0,0,0,0,304,1091,0,0,0,0,0,0,0,0,0,0,0,0,0,0,0,0,0,0,0,0,0,0,0,0,250000,1500,1
Catalyst Navy Issue,Destroyer,5,269141,73159,21893,3170,0,0,0,0,1591,1714,0,0,0,1601,0,0,0,0,0,0,478,1714,0,0,0,0,0,0,0,0,0,0,0,0,0,0,0,0,0,0,0,0,0,0,0,0,900000,3000,1
Algos Assault,Destroyer,7,2040671,502215,172256,25922,8447,2647,0,0,0,6587,0,0,5463,0,0,6587,0,0,0,0,0,6587,1734,0,0,0,0,0,0,0,0,0,0,0,0,0,0,0,0,0,0,0,0,0,0,0,8500000,12000,1
Algos Sniper,Destroyer,6,890608,243584,79217,13112,3738,0,0,0,4864,5240,0,0,0,0,0,5240,0,0,0,0,0,5240,1379,0,0,0,0,0,0,0,0,0,0,0,0,0,0,0,0,0,0,0,0,0,0,0,3500000,6000,1
Catalyst Covert Ops,Destroyer,10,11522236,2408593,1017119,138816,36036,15774,7921,0,0,24792,0,0,20561,0,0,24792,0,0,0,0,0,24792,6525,0,0,0,0,0,0,0,0,0,0,0,0,0,0,0,0,0,0,0,0,0,0,0,50000000,48000,1
Moa Guardian,Cruiser,7,4256805,1085697,358909,55792,15186,5362,0,0,0,0,12696,0,11272,0,0,0,14385,0,0,0,0,0,3577,14385,0,0,0,0,0,0,0,0,0,0,0,0,0,0,0,0,0,0,0,0,0,0,20000000,16000,1
Moa II Guardian,Cruiser,8,5082637,1758865,481853,79286,22269,9157,3730,0,0,0,13679,0,12145,0,0,0,15498,0,0,0,0,0,3854,15498,0,0,0,0,0,0,0,0,0,0,0,0,0,0,0,0,0,0,0,0,0,0,30000000,32000,1
Blackbird,Cruiser,6,1659130,470273,147404,25203,6002,0,0,0,8963,0,9021,0,0,0,0,0,10221,0,0,0,0,0,2542,10221,0,0,0,0,0,0,0,0,0,0,0,0,0,0,0,0,0,0,0,0,0,0,6500000,8000,1
Osprey,Cruiser,7,4140913,1056139,349138,54273,14773,5216,0,0,0,0,12351,0,10965,0,0,0,13993,0,0,0,0,0,3480,13993,0,0,0,0,0,0,0,0,0,0,0,0,0,0,0,0,0,0,0,0,0,0,20000000,16000,1
Caracal,Cruiser,5,553203,155840,44947,6723,0,0,0,0,3235,0,3255,0,0,3255,0,0,0,0,0,0,971,0,0,3688,0,0,0,0,0,0,0,0,0,0,0,0,0,0,0,0,0,0,0,0,0,0,2000000,4000,1
Moa,Cruiser,6,1674055,474504,148730,25430,6056,0,0,0,9044,0,9102,0,0,0,0,0,10312,0,0,0,0,0,2564,10312,0,0,0,0,0,0,0,0,0,0,0,0,0,0,0,0,0,0,0,0,0,0,6500000,8000,1
Caracal Navy Issue,Cruiser,6,1703904,482964,151382,25883,6164,0,0,0,9205,0,9264,0,0,0,0,0,10496,0,0,0,0,0,2610,10496,0,0,0,0,0,0,0,0,0,0,0,0,0,0,0,0,0,0,0,0,0,0,7000000,8000,1
Caracal Sniper,Cruiser,8,4832912,1672447,458178,75391,21175,8708,3546,0,0,0,13007,0,11548,0,0,0,14737,0,0,0,0,0,3665,14737,0,0,0,0,0,0,0,0,0,0,0,0,0,0,0,0,0,0,0,0,0,0,30000000,32000,1
Blackbird Covert Ops,Cruiser,7,4189944,1068644,353272,54916,14948,5278,0,0,0,0,12497,0,11095,0,0,0,14159,0,0,0,0,0,3521,14159,0,0,0,0,0,0,0,0,0,0,0,0,0,0,0,0,0,0,0,0,0,0,20000000,16000,1
Blackbird II Covert Ops,Cruiser,9,8163755,2334804,831623,134660,41817,12349,5957,0,0,0,33547,0,29784,0,0,0,38009,0,0,0,0,0,9451,38009,0,0,0,0,0,0,0,0,0,0,0,0,0,0,0,0,0,0,0,0,0,0,45000000,48000,1
Rupture Guardian,Cruiser,7,4017429,829815,302900,61111,17697,4771,0,0,0,0,11730,0,10414,0,0,0,13290,0,0,0,0,0,3305,13290,0,0,0,0,0,0,0,0,0,0,0,0,0,0,0,0,0,0,0,0,0,0,20000000,16000,1
Rupture II Guardian,Cruiser,8,5136723,1439586,435473,93000,27790,8725,3284,0,0,0,13534,0,12015,0,0,0,15334,0,0,0,0,0,3813,15334,0,0,0,0,0,0,0,0,0,0,0,0,0,0,0,0,0,0,0,0,0,0,30000000,32000,1
Bellicose,Cruiser,6,1741869,399847,138387,30709,7781,0,0,0,9212,0,9271,0,0,0,0,0,10504,0,0,0,0,0,2612,10504,0,0,0,0,0,0,0,0,0,0,0,0,0,0,0,0,0,0,0,0,0,0,7000000,8000,1
Scythe,Cruiser,7,4233856,874519,319218,64404,18651,5028,0,0,0,0,12362,0,10975,0,0,0,14006,0,0,0,0,0,3483,14006,0,0,0,0,0,0,0,0,0,0,0,0,0,0,0,0,0,0,0,0,0,0,20000000,16000,1
Stabber,Cruiser,5,553805,126345,40237,7811,0,0,0,0,3170,0,3190,0,0,3190,0,0,0,0,0,0,952,0,0,3615,0,0,0,0,0,0,0,0,0,0,0,0,0,0,0,0,0,0,0,0,0,0,2000000,4000,1
Stabber Fleet Issue,Cruiser,6,1807220,414848,143579,31861,8073,0,0,0,9557,0,9619,0,0,0,0,0,10898,0,0,0,0,0,2710,10898,0,0,0,0,0,0,0,0,0,0,0,0,0,0,0,0,0,0,0,0,0,0,7500000,8000,1
Rupture,Cruiser,6,1663950,381960,132196,29336,7433,0,0,0,8800,0,8857,0,0,0,0,0,10034,0,0,0,0,0,2495,10034,0,0,0,0,0,0,0,0,0,0,0,0,0,0,0,0,0,0,0,0,0,0,6500000,8000,1
Stabber Sniper,Cruiser,8,5036884,1411606,427009,91192,27250,8555,3220,0,0,0,13271,0,11782,0,0,0,15036,0,0,0,0,0,3739,15036,0,0,0,0,0,0,0,0,0,0,0,0,0,0,0,0,0,0,0,0,0,0,30000000,32000,1
Bellicose Covert Ops,Cruiser,7,4166223,860549,314118,63375,18353,4947,0,0,0,0,12165,0,10800,0,0,0,13783,0,0,0,0,0,3427,13783,0,0,0,0,0,0,0,0,0,0,0,0,0,0,0,0,0,0,0,0,0,0,20000000,16000,1
Bellicose II Covert Ops,Cruiser,9,8376792,2442451,764174,119726,39229,13084,7346,0,0,0,31471,0,27940,0,0,0,35657,0,0,0,0,0,8866,35657,0,0,0,0,0,0,0,0,0,0,0,0,0,0,0,0,0,0,0,0,0,0,45000000,48000,1
Maller Guardian,Cruiser,7,5240219,885138,322660,52131,16464,3695,0,0,0,12967,0,0,10754,0,0,0,13724,0,0,0,0,12967,3413,0,0,0,0,0,0,0,0,0,0,0,0,0,0,0,0,0,0,0,0,0,0,0,20000000,16000,1
Maller II Guardian,Cruiser,8,6014880,1378502,416435,71218,23209,6066,3934,0,0,13430,0,0,11138,0,0,0,14214,0,0,0,0,13430,3535,0,0,0,0,0,0,0,0,0,0,0,0,0,0,0,0,0,0,0,0,0,0,0,25000000,32000,1
Arbitrator,Cruiser,6,2147413,403109,139328,24759,6842,0,0,0,8991,9687,0,0,0,0,0,0,10252,0,0,0,0,9687,2549,0,0,0,0,0,0,0,0,0,0,0,0,0,0,0,0,0,0,0,0,0,0,0,7000000,8000,1
Augoror,Cruiser,7,5577547,942117,343430,55486,17524,3933,0,0,0,13802,0,0,11446,0,0,0,14607,0,0,0,0,13802,3632,0,0,0,0,0,0,0,0,0,0,0,0,0,0,0,0,0,0,0,0,0,0,0,20000000,16000,1
Omen,Cruiser,5,733264,136801,43509,6764,0,0,0,0,3323,3580,0,0,0,3344,0,0,0,0,0,0,997,3580,0,0,0,0,0,0,0,0,0,0,0,0,0,0,0,0,0,0,0,0,0,0,0,0,2000000,4000,1
Maller,Cruiser,6,2198015,412608,142612,25343,7003,0,0,0,9202,9915,0,0,0,0,0,0,10494,0,0,0,0,9915,2610,0,0,0,0,0,0,0,0,0,0,0,0,0,0,0,0,0,0,0,0,0,0,0,7000000,8000,1
Omen Navy Issue,Cruiser,6,2198015,412608,142612,25343,7003,0,0,0,9202,9915,0,0,0,0,0,0,10494,0,0,0,0,9915,2610,0,0,0,0,0,0,0,0,0,0,0,0,0,0,0,0,0,0,0,0,0,0,0,7000000,8000,1
Omen Sniper,Cruiser,8,6299197,1443662,436119,74585,24306,6353,4120,0,0,14065,0,0,11665,0,0,0,14886,0,0,0,0,14065,3702,0,0,0,0,0,0,0,0,0,0,0,0,0,0,0,0,0,0,0,0,0,0,0,30000000,32000,1
Arbitrator Covert Ops,Cruiser,7,5164611,872367,318004,51378,16226,3642,0,0,0,12780,0,0,10599,0,0,0,13526,0,0,0,0,12780,3363,0,0,0,0,0,0,0,0,0,0,0,0,0,0,0,0,0,0,0,0,0,0,0,20000000,16000,1
Arbitrator II Covert Ops,Cruiser,9,9202077,2033419,763202,146302,33940,13533,8051,0,0,35226,0,0,29214,0,0,0,37282,0,0,0,0,35226,9270,0,0,0,0,0,0,0,0,0,0,0,0,0,0,0,0,0,0,0,0,0,0,0,45000000,48000,1
Thorax Guardian,Cruiser,7,4160506,1023912,351193,52850,17220,5396,0,0,0,13429,0,0,11137,0,0,0,14212,0,0,0,0,13429,3534,0,0,0,0,0,0,0,0,0,0,0,0,0,0,0,0,0,0,0,0,0,0,0,20000000,16000,1
Thorax II Guardian,Cruiser,8,4633504,1547194,439779,70053,23553,8595,3300,0,0,13495,0,0,11192,0,0,0,14283,0,0,0,0,13495,3552,0,0,0,0,0,0,0,0,0,0,0,0,0,0,0,0,0,0,0,0,0,0,0,25000000,32000,1
Celestis,Cruiser,6,1717249,469672,152743,25282,7208,0,0,0,9378,10104,0,0,0,0,0,0,10694,0,0,0,0,10104,2659,0,0,0,0,0,0,0,0,0,0,0,0,0,0,0,0,0,0,0,0,0,0,0,7000000,8000,1
Exequror,Cruiser,7,4134118,1017418,348966,52514,17111,5362,0,0,0,13343,0,0,11066,0,0,0,14122,0,0,0,0,13343,3512,0,0,0,0,0,0,0,0,0,0,0,0,0,0,0,0,0,0,0,0,0,0,0,20000000,16000,1
Vexor,Cruiser,5,530327,144155,43138,6247,0,0,0,0,3134,3377,0,0,0,3155,0,0,0,0,0,0,941,3377,0,0,0,0,0,0,0,0,0,0,0,0,0,0,0,0,0,0,0,0,0,0,0,0,2000000,4000,1
Vexor Navy Issue,Cruiser,6,1643442,449486,146178,24195,6898,0,0,0,8975,9669,0,0,0,0,0,0,10234,0,0,0,0,9669,2545,0,0,0,0,0,0,0,0,0,0,0,0,0,0,0,0,0,0,0,0,0,0,0,6500000,8000,1
Thorax,Cruiser,6,1763994,482457,156901,25970,7404,0,0,0,9633,10379,0,0,0,0,0,0,10985,0,0,0,0,10379,2732,0,0,0,0,0,0,0,0,0,0,0,0,0,0,0,0,0,0,0,0,0,0,0,7000000,8000,1
Vexor Sniper,Cruiser,8,4778755,1595695,453565,72249,24291,8865,3403,0,0,13918,0,0,11543,0,0,0,14730,0,0,0,0,13918,3663,0,0,0,0,0,0,0,0,0,0,0,0,0,0,0,0,0,0,0,0,0,0,0,30000000,32000,1
Celestis Covert Ops,Cruiser,7,4090138,1006595,345254,51956,16929,5305,0,0,0,13201,0,0,10949,0,0,0,13972,0,0,0,0,13201,3474,0,0,0,0,0,0,0,0,0,0,0,0,0,0,0,0,0,0,0,0,0,0,0,20000000,16000,1
Celestis II Covert Ops,Cruiser,9,9817437,2201698,773474,142477,34792,13704,5627,0,0,33763,0,0,28002,0,0,0,35735,0,0,0,0,33763,8885,0,0,0,0,0,0,0,0,0,0,0,0,0,0,0,0,0,0,0,0,0,0,0,45000000,48000,1
Thorax Prototype,Cruiser,5,567903,124951,41261,6516,0,0,0,0,3235,3486,0,0,0,3256,0,0,0,0,0,0,971,3486,0,0,0,0,0,0,0,0,0,0,0,0,0,0,0,0,0,0,0,0,0,0,0,0,2000000,4000,1
Gila,Cruiser,7,38592133,11570499,3795558,614298,153509,60870,26122,0,0,0,0,84891,66520,0,0,0,84891,0,0,0,0,0,21108,0,20934,0,0,0,0,0,0,0,0,0,0,0,0,0,0,0,0,0,0,0,0,0,200000000,86400,1
Cynabal,Cruiser,7,39495308,9589740,3473538,729645,193990,58724,23292,0,0,0,0,85049,66644,0,0,0,85049,0,0,0,0,0,21147,0,20973,0,0,0,0,0,0,0,0,0,0,0,0,0,0,0,0,0,0,0,0,0,200000000,86400,1
Ashimmu,Cruiser,7,49205578,9770224,3534156,594495,172373,43440,29684,0,0,0,0,83884,65731,0,0,0,83884,0,0,0,0,0,20857,0,20686,0,0,0,0,0,0,0,0,0,0,0,0,0,0,0,0,0,0,0,0,0,200000000,86400,1
Stratios,Cruiser,7,37199509,9032304,3271626,687232,182714,55311,21938,0,0,0,0,80105,62770,0,0,0,80105,0,0,0,0,0,19918,0,19754,0,0,0,0,0,0,0,0,0,0,0,0,0,0,0,0,0,0,0,0,0,200000000,86400,1
Orthrus,Cruiser,7,37231077,11162434,3661698,592633,148095,58723,25201,0,0,0,0,81897,64174,0,0,0,81897,0,0,0,0,0,20363,0,20196,0,0,0,0,0,0,0,0,0,0,0,0,0,0,0,0,0,0,0,0,0,200000000,86400,1
Phantasm,Cruiser,7,46954447,9323241,3372470,567297,164487,41453,28326,0,0,0,0,80046,62724,0,0,0,80046,0,0,0,0,0,19903,0,19739,0,0,0,0,0,0,0,0,0,0,0,0,0,0,0,0,0,0,0,0,0,200000000,86400,1
Vigilant,Cruiser,7,35798400,10356396,3524841,552269,165208,58134,23515,0,0,0,0,79602,62375,0,0,0,79602,0,0,0,0,0,19793,0,19630,0,0,0,0,0,0,0,0,0,0,0,0,0,0,0,0,0,0,0,0,0,200000000,86400,1
Ferox Guardian,Battlecruiser,9,11723249,3352806,1194221,193373,60049,17733,8554,0,0,0,48173,0,42769,0,0,0,0,48173,0,0,0,0,13571,54581,0,0,0,0,0,0,0,0,0,0,0,0,0,0,0,0,0,0,0,0,0,0,65000000,72000,1
Ferox II Guardian,Battlecruiser,10,30713127,7517896,2901580,558522,161566,48178,24151,0,0,0,73693,0,65427,0,0,0,0,73693,0,0,0,0,20761,83496,0,0,0,0,0,0,0,0,0,0,0,0,0,0,0,0,0,0,0,0,0,0,200000000,96000,1
Naga,Battlecruiser,8,7232230,2502739,685643,112819,31686,13030,5307,0,0,0,19464,0,17281,0,0,0,0,19464,0,0,0,0,5484,22053,0,0,0,0,0,0,0,0,0,0,0,0,0,0,0,0,0,0,0,0,0,0,40000000,48000,1
Naga II,Battlecruiser,9,11431686,3269420,1164520,188563,58555,17292,8342,0,0,0,46975,0,41706,0,0,0,0,46975,0,0,0,0,13234,53223,0,0,0,0,0,0,0,0,0,0,0,0,0,0,0,0,0,0,0,0,0,0,65000000,72000,1
Drake Logistics,Battlecruiser,9,12008737,3434455,1223303,198082,61511,18165,8763,0,0,0,49346,0,43811,0,0,0,0,49346,0,0,0,0,13902,55910,0,0,0,0,0,0,0,0,0,0,0,0,0,0,0,0,0,0,0,0,0,0,65000000,72000,1
Ferox,Battlecruiser,7,6271544,1599555,528781,82198,22374,7900,0,0,0,0,18705,0,16607,0,0,0,0,18705,0,0,0,0,5270,21193,0,0,0,0,0,0,0,0,0,0,0,0,0,0,0,0,0,0,0,0,0,0,25000000,24000,1
Drake,Battlecruiser,8,7349748,2543406,696784,114652,32201,13242,5393,0,0,0,19780,0,17561,0,0,0,0,19780,0,0,0,0,5573,22411,0,0,0,0,0,0,0,0,0,0,0,0,0,0,0,0,0,0,0,0,0,0,40000000,48000,1
Cyclone Guardian,Battlecruiser,9,12673398,3695227,1156132,181135,59350,19795,11114,0,0,0,47612,0,42271,0,0,0,0,47612,0,0,0,0,13413,53945,0,0,0,0,0,0,0,0,0,0,0,0,0,0,0,0,0,0,0,0,0,0,70000000,72000,1
Cyclone II Guardian,Battlecruiser,10,27569050,8859903,2443277,490478,135357,44077,26015,0,0,0,65569,0,58213,0,0,0,0,65569,0,0,0,0,18472,74290,0,0,0,0,0,0,0,0,0,0,0,0,0,0,0,0,0,0,0,0,0,0,150000000,96000,1
Tornado,Battlecruiser,8,7707580,2160078,653421,139544,41698,13091,4928,0,0,0,20307,0,18029,0,0,0,0,20307,0,0,0,0,5721,23008,0,0,0,0,0,0,0,0,0,0,0,0,0,0,0,0,0,0,0,0,0,0,40000000,48000,1
Tornado II,Battlecruiser,9,12883454,3756474,1175294,184138,60333,20123,11298,0,0,0,48401,0,42972,0,0,0,0,48401,0,0,0,0,13636,54839,0,0,0,0,0,0,0,0,0,0,0,0,0,0,0,0,0,0,0,0,0,0,70000000,72000,1
Hurricane Logistics,Battlecruiser,9,12106883,3530046,1104452,173038,56697,18910,10617,0,0,0,45484,0,40382,0,0,0,0,45484,0,0,0,0,12814,51534,0,0,0,0,0,0,0,0,0,0,0,0,0,0,0,0,0,0,0,0,0,0,65000000,72000,1
Cyclone,Battlecruiser,7,6393619,1320625,482056,97257,28165,7592,0,0,0,0,18668,0,16574,0,0,0,0,18668,0,0,0,0,5259,21151,0,0,0,0,0,0,0,0,0,0,0,0,0,0,0,0,0,0,0,0,0,0,25000000,24000,1
Hurricane,Battlecruiser,8,7662653,2147487,649612,138731,41455,13014,4899,0,0,0,20188,0,17924,0,0,0,0,20188,0,0,0,0,5688,22874,0,0,0,0,0,0,0,0,0,0,0,0,0,0,0,0,0,0,0,0,0,0,40000000,48000,1
Hurricane Prototype,Battlecruiser,7,5231335,1331912,527482,70489,20998,9516,0,0,0,0,20979,0,18626,0,0,0,0,20979,0,0,0,0,5910,23770,0,0,0,0,0,0,0,0,0,0,0,0,0,0,0,0,0,0,0,0,0,0,25000000,24000,1
Prophecy Guardian,Battlecruiser,9,13966465,3086224,1158351,222049,51512,20540,12220,0,0,53464,0,0,44340,0,0,0,0,49942,0,0,0,53464,14070,0,0,0,0,0,0,0,0,0,0,0,0,0,0,0,0,0,0,0,0,0,0,0,70000000,72000,1
Prophecy II Guardian,Battlecruiser,10,36378955,9013834,2971956,505718,138612,51718,23325,0,0,75949,0,0,62988,0,0,0,0,70946,0,0,0,75949,19987,0,0,0,0,0,0,0,0,0,0,0,0,0,0,0,0,0,0,0,0,0,0,0,200000000,96000,1
Oracle,Battlecruiser,8,9268728,2124224,641712,109745,35763,9347,6061,0,0,20695,0,0,17164,0,0,0,0,19332,0,0,0,20695,5447,0,0,0,0,0,0,0,0,0,0,0,0,0,0,0,0,0,0,0,0,0,0,0,40000000,48000,1
Oracle II,Battlecruiser,9,13449189,2971919,1115449,213825,49605,19779,11767,0,0,51484,0,0,42698,0,0,0,0,48092,0,0,0,51484,13549,0,0,0,0,0,0,0,0,0,0,0,0,0,0,0,0,0,0,0,0,0,0,0,70000000,72000,1
Harbinger Logistics,Battlecruiser,9,13537670,2991471,1122788,215232,49931,19910,11845,0,0,51822,0,0,42978,0,0,0,0,48409,0,0,0,51822,13638,0,0,0,0,0,0,0,0,0,0,0,0,0,0,0,0,0,0,0,0,0,0,0,70000000,72000,1
Prophecy,Battlecruiser,7,8113324,1370442,499568,80712,25490,5720,0,0,0,20076,0,0,16650,0,0,0,0,18754,0,0,0,20076,5284,0,0,0,0,0,0,0,0,0,0,0,0,0,0,0,0,0,0,0,0,0,0,0,25000000,24000,1
Harbinger,Battlecruiser,8,9843680,2255993,681518,116552,37982,9927,6437,0,0,21979,0,0,18228,0,0,0,0,20531,0,0,0,21979,5784,0,0,0,0,0,0,0,0,0,0,0,0,0,0,0,0,0,0,0,0,0,0,0,40000000,48000,1
Harbinger Prototype,Battlecruiser,7,6511343,1259718,403757,84881,24027,7842,0,0,0,21684,0,0,17983,0,0,0,0,20255,0,0,0,21684,5707,0,0,0,0,0,0,0,0,0,0,0,0,0,0,0,0,0,0,0,0,0,0,0,25000000,24000,1
Myrmidon Guardian,Battlecruiser,9,14699865,3296650,1158139,213334,52095,20519,8425,0,0,50555,0,0,41927,0,0,0,0,47225,0,0,0,50555,13304,0,0,0,0,0,0,0,0,0,0,0,0,0,0,0,0,0,0,0,0,0,0,0,70000000,72000,1
Myrmidon II Guardian,Battlecruiser,10,34874861,7290193,3078559,420160,109070,47743,23974,0,0,75038,0,0,62232,0,0,0,0,70095,0,0,0,75038,19747,0,0,0,0,0,0,0,0,0,0,0,0,0,0,0,0,0,0,0,0,0,0,0,150000000,96000,1
Talos,Battlecruiser,8,7010777,2340999,665412,105994,35637,13005,4992,0,0,20418,0,0,16934,0,0,0,0,19073,0,0,0,20418,5374,0,0,0,0,0,0,0,0,0,0,0,0,0,0,0,0,0,0,0,0,0,0,0,40000000,48000,1
Talos II,Battlecruiser,9,14617240,3278120,1151630,212135,51802,20403,8378,0,0,50270,0,0,41691,0,0,0,0,46959,0,0,0,50270,13229,0,0,0,0,0,0,0,0,0,0,0,0,0,0,0,0,0,0,0,0,0,0,0,65000000,72000,1
Brutix Logistics,Battlecruiser,9,14091440,3160202,1110204,204504,49939,19669,8077,0,0,48462,0,0,40192,0,0,0,0,45270,0,0,0,48462,12754,0,0,0,0,0,0,0,0,0,0,0,0,0,0,0,0,0,0,0,0,0,0,0,65000000,72000,1
Myrmidon,Battlecruiser,7,5814153,1430879,490780,73855,24065,7540,0,0,0,18766,0,0,15563,0,0,0,0,17530,0,0,0,18766,4939,0,0,0,0,0,0,0,0,0,0,0,0,0,0,0,0,0,0,0,0,0,0,0,25000000,24000,1
Brutix,Battlecruiser,8,7315804,2442852,694363,110606,37187,13571,5209,0,0,21306,0,0,17670,0,0,0,0,19903,0,0,0,21306,5607,0,0,0,0,0,0,0,0,0,0,0,0,0,0,0,0,0,0,0,0,0,0,0,40000000,48000,1
Scorpion,Battleship,9,18204443,5206404,1854445,300278,93247,27537,13283,0,0,0,74806,0,66414,0,0,0,0,0,79421,0,0,0,21074,84756,0,0,0,0,0,0,0,0,0,0,0,0,0,0,0,0,0,0,0,0,0,0,100000000,96000,1
Raven Striker,Battleship,10,45284160,11084564,4278158,823498,238216,71034,35609,0,0,0,108655,0,96466,0,0,0,0,0,115359,0,0,0,30610,123108,0,0,0,0,0,0,0,0,0,0,0,0,0,0,0,0,0,0,0,0,0,0,250000000,128000,1
Rokh,Battleship,9,18532451,5300213,1887858,305689,94927,28033,13523,0,0,0,76153,0,67611,0,0,0,0,0,80852,0,0,0,21454,86283,0,0,0,0,0,0,0,0,0,0,0,0,0,0,0,0,0,0,0,0,0,0,100000000,96000,1
Raven,Battleship,10,43336930,10607925,4094196,788087,227973,67980,34078,0,0,0,103983,0,92318,0,0,0,0,0,110399,0,0,0,29294,117814,0,0,0,0,0,0,0,0,0,0,0,0,0,0,0,0,0,0,0,0,0,0,250000000,128000,1
Maelstrom Striker,Battleship,10,41721162,13407987,3697492,742257,204840,66703,39369,0,0,0,99227,0,88096,0,0,0,0,0,105349,0,0,0,27954,112425,0,0,0,0,0,0,0,0,0,0,0,0,0,0,0,0,0,0,0,0,0,0,250000000,128000,1
Maelstrom,Battleship,9,17988459,5244958,1640999,257101,84240,28097,15775,0,0,0,67580,0,59999,0,0,0,0,0,71750,0,0,0,19039,76569,0,0,0,0,0,0,0,0,0,0,0,0,0,0,0,0,0,0,0,0,0,0,95000000,96000,1
Typhoon,Battleship,9,18427668,5373020,1681066,263378,86297,28783,16160,0,0,0,69230,0,61464,0,0,0,0,0,73502,0,0,0,19503,78439,0,0,0,0,0,0,0,0,0,0,0,0,0,0,0,0,0,0,0,0,0,0,100000000,96000,1
Tempest,Battleship,10,41180593,13234263,3649584,732640,202186,65838,38859,0,0,0,97941,0,86954,0,0,0,0,0,103984,0,0,0,27592,110969,0,0,0,0,0,0,0,0,0,0,0,0,0,0,0,0,0,0,0,0,0,0,250000000,128000,1
Armageddon,Battleship,9,19452319,4298454,1613337,309267,71746,28608,17019,0,0,74463,0,0,61756,0,0,0,0,0,73850,0,0,74463,19596,0,0,0,0,0,0,0,0,0,0,0,0,0,0,0,0,0,0,0,0,0,0,0,95000000,96000,1
Apocalypse Striker,Battleship,10,53482984,13251803,4369259,743488,203782,76034,34292,0,0,111657,0,0,92602,0,0,0,0,0,110738,0,0,111657,29384,0,0,0,0,0,0,0,0,0,0,0,0,0,0,0,0,0,0,0,0,0,0,0,250000000,128000,1
Apocalypse,Battleship,9,19166455,4235286,1589628,304723,70691,28187,16769,0,0,73369,0,0,60848,0,0,0,0,0,72765,0,0,73369,19308,0,0,0,0,0,0,0,0,0,0,0,0,0,0,0,0,0,0,0,0,0,0,0,95000000,96000,1
Abaddon,Battleship,10,50470044,12505268,4123118,701604,192302,71751,32360,0,0,105367,0,0,87385,0,0,0,0,0,104499,0,0,105367,27728,0,0,0,0,0,0,0,0,0,0,0,0,0,0,0,0,0,0,0,0,0,0,0,250000000,128000,1
Megathron Striker,Battleship,10,51863460,10841467,4578218,624833,162200,70999,35652,0,0,111590,0,0,92547,0,0,0,0,0,110672,0,0,111590,29366,0,0,0,0,0,0,0,0,0,0,0,0,0,0,0,0,0,0,0,0,0,0,0,250000000,128000,1
Dominix,Battleship,9,21422594,4804316,1687794,310899,75920,29902,12278,0,0,73675,0,0,61101,0,0,0,0,0,73068,0,0,73675,19388,0,0,0,0,0,0,0,0,0,0,0,0,0,0,0,0,0,0,0,0,0,0,0,95000000,96000,1
Megathron,Battleship,9,21242319,4763887,1673591,308283,75281,29651,12175,0,0,73055,0,0,60587,0,0,0,0,0,72453,0,0,73055,19225,0,0,0,0,0,0,0,0,0,0,0,0,0,0,0,0,0,0,0,0,0,0,0,95000000,96000,1
Hyperion,Battleship,10,55601487,11622859,4908190,669867,173891,76116,38222,0,0,119633,0,0,99217,0,0,0,0,0,118648,0,0,119633,31483,0,0,0,0,0,0,0,0,0,0,0,0,0,0,0,0,0,0,0,0,0,0,0,250000000,128000,1
Rattlesnake,Battleship,8,104652545,25616635,9886902,1903118,550522,164161,82293,0,0,0,0,284503,222935,0,0,0,0,0,266596,0,0,0,70740,0,70157,0,0,0,0,0,0,0,0,0,0,0,0,0,0,0,0,0,0,0,0,0,550000000,432000,1
Machariel,Battleship,8,137047617,28648246,12097801,1651102,428609,187612,94210,0,0,0,0,312089,244551,0,0,0,0,0,292445,0,0,0,77599,0,76960,0,0,0,0,0,0,0,0,0,0,0,0,0,0,0,0,0,0,0,0,0,600000000,432000,1
Bhaalgorn,Battleship,8,136200701,33747271,11126830,1893378,518954,193630,87327,0,0,0,0,300948,235820,0,0,0,0,0,282005,0,0,0,74828,0,74212,0,0,0,0,0,0,0,0,0,0,0,0,0,0,0,0,0,0,0,0,0,650000000,432000,1
Nestor,Battleship,8,107335501,34494555,9512489,1909594,526988,171604,101284,0,0,0,0,289235,226642,0,0,0,0,0,271030,0,0,0,71916,0,71324,0,0,0,0,0,0,0,0,0,0,0,0,0,0,0,0,0,0,0,0,0,600000000,432000,1
Barghest,Battleship,8,104995523,25700589,9919305,1909355,552326,164699,82563,0,0,0,0,285436,223666,0,0,0,0,0,267470,0,0,0,70972,0,70387,0,0,0,0,0,0,0,0,0,0,0,0,0,0,0,0,0,0,0,0,0,550000000,432000,1
Nightmare,Battleship,8,131753654,32645399,10763531,1831558,502010,187307,84476,0,0,0,0,291121,228121,0,0,0,0,0,272798,0,0,0,72385,0,71789,0,0,0,0,0,0,0,0,0,0,0,0,0,0,0,0,0,0,0,0,0,600000000,432000,1
Vindicator,Battleship,8,104459671,33570345,9257622,1858430,512869,167006,98570,0,0,0,0,281485,220570,0,0,0,0,0,263768,0,0,0,69989,0,69413,0,0,0,0,0,0,0,0,0,0,0,0,0,0,0,0,0,0,0,0,0,600000000,432000,1
Tayra,Industrial,6,1059655,300355,94144,16097,3834,0,0,0,5725,0,5762,0,0,0,0,0,6528,0,0,0,0,0,1623,6528,0,0,0,0,0,0,0,0,0,0,0,0,0,0,0,0,0,0,0,0,0,0,4500000,8000,1
Badger,Industrial,8,3760564,1301357,356516,58663,16476,6776,2760,0,0,0,10121,0,8986,0,0,0,11467,0,0,0,0,0,2852,11467,0,0,0,0,0,0,0,0,0,0,0,0,0,0,0,0,0,0,0,0,0,0,20000000,32000,1
Badger II,Industrial,10,10820403,2648596,1022243,196771,56921,16974,8509,0,0,0,25963,0,23050,0,0,0,29416,0,0,0,0,0,7314,29416,0,0,0,0,0,0,0,0,0,0,0,0,0,0,0,0,0,0,0,0,0,0,60000000,64000,1
Wreathe,Industrial,8,3768927,1056256,319516,68236,20390,6402,2410,0,0,0,9930,0,8816,0,0,0,11251,0,0,0,0,0,2798,11251,0,0,0,0,0,0,0,0,0,0,0,0,0,0,0,0,0,0,0,0,0,0,20000000,32000,1
Mammoth,Industrial,6,1153705,264834,91659,20340,5154,0,0,0,6101,0,6141,0,0,0,0,0,6958,0,0,0,0,0,1730,6958,0,0,0,0,0,0,0,0,0,0,0,0,0,0,0,0,0,0,0,0,0,0,4500000,8000,1
Wreathe II,Industrial,10,10854638,3488370,961981,193114,53294,17354,10243,0,0,0,25816,0,22920,0,0,0,29250,0,0,0,0,0,7273,29250,0,0,0,0,0,0,0,0,0,0,0,0,0,0,0,0,0,0,0,0,0,0,60000000,64000,1
Bestower,Industrial,6,1394712,261813,90492,16081,4444,0,0,0,5839,6291,0,0,0,0,0,0,6659,0,0,0,0,6291,1656,0,0,0,0,0,0,0,0,0,0,0,0,0,0,0,0,0,0,0,0,0,0,0,4500000,8000,1
Sigil,Industrial,8,4568024,1046908,316263,54087,17626,4607,2988,0,0,10200,0,0,8459,0,0,0,10795,0,0,0,0,10200,2685,0,0,0,0,0,0,0,0,0,0,0,0,0,0,0,0,0,0,0,0,0,0,0,20000000,32000,1
Sigil II,Industrial,10,13235888,3279536,1081298,183998,50432,18817,8487,0,0,27633,0,0,22917,0,0,0,29246,0,0,0,0,27633,7272,0,0,0,0,0,0,0,0,0,0,0,0,0,0,0,0,0,0,0,0,0,0,0,60000000,64000,1
Kryos,Industrial,6,1153854,315582,102631,16988,4843,0,0,0,6301,6789,0,0,0,0,0,0,7185,0,0,0,0,6789,1787,0,0,0,0,0,0,0,0,0,0,0,0,0,0,0,0,0,0,0,0,0,0,0,5000000,8000,1
Nereus,Industrial,8,3510231,1172117,333166,53071,17843,6512,2500,0,0,10223,0,0,8479,0,0,0,10820,0,0,0,0,10223,2691,0,0,0,0,0,0,0,0,0,0,0,0,0,0,0,0,0,0,0,0,0,0,0,20000000,32000,1
Nereus II,Industrial,10,13036205,2725071,1150764,157056,40770,17846,8962,0,0,28049,0,0,23263,0,0,0,29687,0,0,0,0,28049,7382,0,0,0,0,0,0,0,0,0,0,0,0,0,0,0,0,0,0,0,0,0,0,0,60000000,64000,1
Nereus High Mobility,Industrial,6,745454,203884,66306,10975,3129,0,0,0,4071,0,0,4642,0,0,0,0,4642,0,0,0,0,0,1155,0,1145,0,0,0,0,0,0,0,0,0,0,0,0,0,0,0,0,0,0,0,0,0,3000000,4000,1
Nereus Combat,Industrial,7,1794383,441603,151466,22794,7427,2327,0,0,0,0,0,6130,4804,0,0,0,6130,0,0,0,0,0,1525,0,1512,0,0,0,0,0,0,0,0,0,0,0,0,0,0,0,0,0,0,0,0,0,7500000,8000,1
Nereus Hauling,Industrial,8,2527366,843924,239880,38211,12847,4689,1800,0,0,0,0,7791,6105,0,0,0,7791,0,0,0,0,0,1937,0,1922,0,0,0,0,0,0,0,0,0,0,0,0,0,0,0,0,0,0,0,0,0,15000000,16000,1
Imicus High Mobility,Industrial,4,14020,3377,1279,0,0,0,0,0,258,0,0,294,0,259,0,0,0,0,0,0,78,0,0,0,73,0,0,0,0,0,0,0,0,0,0,0,0,0,0,0,0,0,0,0,0,0,60000,1000,1
Humpback High Mobility,Industrial,9,13460531,2812441,1188302,162088,42112,18417,9284,0,0,0,0,51449,40315,0,0,0,0,0,48211,0,0,0,12793,0,12687,0,0,0,0,0,0,0,0,0,0,0,0,0,0,0,0,0,0,0,0,0,60000000,64000,1
Humpback Hauling,Industrial,10,23031074,4814385,2033056,277471,72029,31529,15832,0,0,0,0,52447,41098,0,0,0,0,0,49146,0,0,0,13041,0,12934,0,0,0,0,0,0,0,0,0,0,0,0,0,0,0,0,0,0,0,0,0,100000000,64000,1
Humpback Combat,Industrial,10,23607186,4934814,2083911,284411,73831,32318,16229,0,0,0,0,53759,42126,0,0,0,0,0,50376,0,0,0,13367,0,13257,0,0,0,0,0,0,0,0,0,0,0,0,0,0,0,0,0,0,0,0,0,100000000,64000,1
Retriever,Industrial,7,2616809,644004,220888,33241,10831,3394,0,0,0,0,0,8939,7005,0,0,0,8939,0,0,0,0,0,2223,0,2205,0,0,0,0,0,0,0,0,0,0,0,0,0,0,0,0,0,0,0,0,0,15000000,8000,1
Procurer,Industrial,9,6114303,1371218,481720,88735,21669,8535,3505,0,0,0,0,22256,17440,0,0,0,22256,0,0,0,0,0,5534,0,5489,0,0,0,0,0,0,0,0,0,0,0,0,0,0,0,0,0,0,0,0,0,30000000,24000,1
Covetor,Industrial,10,15568417,3254401,1374294,187563,48690,21313,10703,0,0,0,0,35453,27781,0,0,0,35453,0,0,0,0,0,8816,0,8743,0,0,0,0,0,0,0,0,0,0,0,0,0,0,0,0,0,0,0,0,0,70000000,32000,1
Venture,Industrial,4,17524,4221,1598,0,0,0,0,0,322,0,0,367,0,324,0,0,0,0,0,0,97,0,0,0,91,0,0,0,0,0,0,0,0,0,0,0,0,0,0,0,0,0,0,0,0,0,75000,500,1
Venture II,Industrial,5,84853,23065,6903,1000,0,0,0,0,502,0,0,572,0,505,0,0,0,0,0,0,151,0,0,0,142,0,0,0,0,0,0,0,0,0,0,0,0,0,0,0,0,0,0,0,0,0,300000,1000,1
Venture III,Industrial,6,250945,68634,22321,3695,1054,0,0,0,0,0,0,1563,1225,0,1563,0,0,0,0,0,0,0,389,0,386,0,0,0,0,0,0,0,0,0,0,0,0,0,0,0,0,0,0,0,0,0,1500000,2000,1
MK5 Cloaking Device,Module,5,67903,15246,6184,1074,229,0,0,0,1348,0,0,0,1058,0,0,1382,0,0,0,1081,282,0,0,0,0,0,0,0,0,0,0,0,0,0,0,0,0,0,0,0,0,0,0,0,0,0,1500000,1500,5
MK7 Cloaking Device,Module,7,110900,30393,8344,1891,461,209,0,0,1941,0,0,0,2012,0,0,2410,0,0,0,2346,529,0,0,0,0,0,0,0,0,0,0,0,0,0,0,0,0,0,0,0,0,0,0,0,0,0,2500000,2100,5
MK9 Cloaking Device,Module,9,188186,38364,12905,2157,811,279,113,0,2985,0,0,0,2292,0,0,3239,0,0,0,3397,902,0,0,0,0,0,0,0,0,0,0,0,0,0,0,0,0,0,0,0,0,0,0,0,0,0,4000000,3600,5
MK5 Covert Ops Cloaking Device,Module,5,262176,59020,22066,4314,1110,0,0,0,0,0,5029,0,4641,0,0,4569,0,0,4531,0,0,0,0,4948,0,0,0,0,0,0,0,0,0,0,0,0,0,0,0,0,0,0,0,0,0,0,5000000,1500,5
MK7 Covert Ops Cloaking Device,Module,7,472498,111627,43563,7385,1881,678,0,0,0,0,8168,0,6299,0,0,9063,0,0,9938,0,0,0,0,9795,0,0,0,0,0,0,0,0,0,0,0,0,0,0,0,0,0,0,0,0,0,0,9500000,2100,5
MK9 Covert Ops Cloaking Device,Module,9,605589,156768,45378,11033,3047,1046,553,0,0,0,11423,0,10968,0,0,13406,0,0,13385,0,0,0,0,11696,0,0,0,0,0,0,0,0,0,0,0,0,0,0,0,0,0,0,0,0,0,0,15000000,3600,5
MK5 Small Shield Field Module,Module,5,46849,14408,4749,746,218,0,0,0,0,0,0,0,817,0,0,0,0,0,0,1000,273,0,239,0,285,0,0,0,0,0,0,0,0,0,0,0,0,0,0,0,0,0,0,0,0,0,950000,1500,10
MK7 Small Shield Field Module,Module,7,106610,23624,8158,1429,428,108,0,0,0,0,0,0,1293,0,0,0,0,0,0,1737,545,0,518,0,450,0,0,0,0,0,0,0,0,0,0,0,0,0,0,0,0,0,0,0,0,0,2000000,2100,10
MK9 Small Shield Field Module,Module,9,134838,32026,12539,2077,470,186,112,0,0,0,0,0,2330,0,0,0,0,0,0,2193,652,0,716,0,686,0,0,0,0,0,0,0,0,0,0,0,0,0,0,0,0,0,0,0,0,0,3000000,3600,10
MK5 Medium Shield Field Module,Module,5,99001,28672,9804,1530,390,0,0,0,1841,0,0,2010,0,0,0,0,0,0,1897,0,0,0,549,0,533,0,0,0,0,0,0,0,0,0,0,0,0,0,0,0,0,0,0,0,0,0,2000000,1500,5
MK7 Medium Shield Field Module,Module,7,175520,45358,16069,3110,800,279,0,0,3531,0,0,4027,0,0,0,0,0,0,3520,0,0,0,928,0,833,0,0,0,0,0,0,0,0,0,0,0,0,0,0,0,0,0,0,0,0,0,4000000,2100,5
MK9 Medium Shield Field Module,Module,9,273724,69678,22236,3671,979,399,231,0,5852,0,0,4564,0,0,0,0,0,0,5822,0,0,0,1087,0,1239,0,0,0,0,0,0,0,0,0,0,0,0,0,0,0,0,0,0,0,0,0,6000000,3600,5
MK7 Large Shield Field Module,Module,7,474423,120626,43931,5902,1957,568,0,0,0,9497,0,0,0,8413,8365,0,0,0,0,0,0,7291,0,9727,0,0,0,0,0,0,0,0,0,0,0,0,0,0,0,0,0,0,0,0,0,0,9500000,2100,3
MK9 Large Shield Field Module,Module,9,653619,143329,51730,9821,3261,853,483,0,0,12000,0,0,0,13078,10400,0,0,0,0,0,0,11565,0,14265,0,0,0,0,0,0,0,0,0,0,0,0,0,0,0,0,0,0,0,0,0,0,15000000,3600,3
MK5 Small Armor Link Module,Module,5,45510,14343,4328,805,229,0,0,0,0,0,1000,938,0,0,0,0,1171,0,1090,0,0,0,211,0,0,0,0,0,0,0,0,0,0,0,0,0,0,0,0,0,0,0,0,0,0,0,950000,1500,10
MK7 Small Armor Link Module,Module,7,76701,23858,7518,1613,375,161,0,0,0,0,1790,1798,0,0,0,0,1595,0,1875,0,0,0,508,0,0,0,0,0,0,0,0,0,0,0,0,0,0,0,0,0,0,0,0,0,0,0,2000000,2100,10
MK9 Small Armor Link Module,Module,9,133469,36008,10610,1896,702,187,85,0,0,0,2624,2187,0,0,0,0,2973,0,2157,0,0,0,744,0,0,0,0,0,0,0,0,0,0,0,0,0,0,0,0,0,0,0,0,0,0,0,3000000,3600,10
MK5 Medium Armor Link Module,Module,5,105958,22574,9715,1522,470,0,0,0,0,0,0,1845,1551,1694,0,2239,0,0,0,0,0,0,0,2385,0,0,0,0,0,0,0,0,0,0,0,0,0,0,0,0,0,0,0,0,0,0,2000000,1500,5
MK7 Medium Armor Link Module,Module,7,189021,39980,17428,2531,875,298,0,0,0,0,0,4108,2880,3530,0,3754,0,0,0,0,0,0,0,3162,0,0,0,0,0,0,0,0,0,0,0,0,0,0,0,0,0,0,0,0,0,0,4000000,2100,5
MK9 Medium Armor Link Module,Module,9,227191,71005,23257,4153,940,431,220,0,0,0,0,5062,4087,4367,0,6196,0,0,0,0,0,0,0,5062,0,0,0,0,0,0,0,0,0,0,0,0,0,0,0,0,0,0,0,0,0,0,6000000,3600,5
MK7 Large Armor Link Module,Module,7,446652,120065,35682,6750,1863,704,0,0,0,8149,0,0,7876,0,0,0,0,6582,0,9681,0,8517,0,0,0,0,0,0,0,0,0,0,0,0,0,0,0,0,0,0,0,0,0,0,0,0,9500000,2100,3
MK9 Large Armor Link Module,Module,9,584644,175976,54453,10591,2134,957,521,0,0,11826,0,0,8726,0,0,0,0,9910,0,14174,0,13739,0,0,0,0,0,0,0,0,0,0,0,0,0,0,0,0,0,0,0,0,0,0,0,0,15000000,3600,3
MK5 Small Group Shield Booster,Module,5,42038,10089,2940,682,191,0,0,0,0,0,0,863,0,772,0,0,0,631,0,0,0,0,182,982,0,0,0,0,0,0,0,0,0,0,0,0,0,0,0,0,0,0,0,0,0,0,750000,1500,10
MK7 Small Group Shield Booster,Module,7,60272,19797,6834,1146,323,123,0,0,0,0,0,1199,0,1385,0,0,0,1424,0,0,0,0,410,1602,0,0,0,0,0,0,0,0,0,0,0,0,0,0,0,0,0,0,0,0,0,0,2000000,2100,10
MK9 Small Group Shield Booster,Module,9,110071,24897,8795,1938,397,186,85,0,0,0,0,2337,0,2203,0,0,0,1670,0,0,0,0,542,2226,0,0,0,0,0,0,0,0,0,0,0,0,0,0,0,0,0,0,0,0,0,0,2500000,3600,10
MK5 Medium Group Shield Booster,Module,5,81425,16862,8367,1405,312,0,0,0,1459,0,0,0,1313,0,0,1752,1355,0,0,0,0,1673,0,0,0,0,0,0,0,0,0,0,0,0,0,0,0,0,0,0,0,0,0,0,0,0,1500000,1500,5
MK7 Medium Group Shield Booster,Module,7,172649,46569,11669,2109,550,216,0,0,2848,0,0,0,2750,0,0,2471,2703,0,0,0,0,3006,0,0,0,0,0,0,0,0,0,0,0,0,0,0,0,0,0,0,0,0,0,0,0,0,3500000,2100,5
MK9 Medium Group Shield Booster,Module,9,199704,46489,16460,3310,1141,316,198,0,3904,0,0,0,3414,0,0,4236,5183,0,0,0,0,3575,0,0,0,0,0,0,0,0,0,0,0,0,0,0,0,0,0,0,0,0,0,0,0,0,5000000,3600,5
MK7 Large Group Shield Booster,Module,7,408695,81889,30939,4869,1540,592,0,0,0,0,7015,6955,0,7477,6903,0,0,0,0,0,0,0,0,6327,0,0,0,0,0,0,0,0,0,0,0,0,0,0,0,0,0,0,0,0,0,0,7500000,2100,3
MK9 Large Group Shield Booster,Module,9,626332,124115,41987,9100,2158,794,338,0,0,0,10910,9462,0,9833,11141,0,0,0,0,0,0,0,0,9309,0,0,0,0,0,0,0,0,0,0,0,0,0,0,0,0,0,0,0,0,0,0,15000000,3600,3
MK5 Small Group Armor Repairer,Module,5,42463,9986,3767,592,176,0,0,0,752,0,0,0,0,0,0,0,0,0,814,703,243,0,193,0,0,0,0,0,0,0,0,0,0,0,0,0,0,0,0,0,0,0,0,0,0,0,750000,1500,10
MK7 Small Group Armor Repairer,Module,7,71160,19891,6286,1180,315,116,0,0,1195,0,0,0,0,0,0,0,0,0,1430,1226,479,0,404,0,0,0,0,0,0,0,0,0,0,0,0,0,0,0,0,0,0,0,0,0,0,0,2000000,2100,10
MK9 Small Group Armor Repairer,Module,9,104965,29299,11006,1381,457,141,96,0,1729,0,0,0,0,0,0,0,0,0,2473,1758,632,0,562,0,0,0,0,0,0,0,0,0,0,0,0,0,0,0,0,0,0,0,0,0,0,0,2500000,3600,10
MK5 Medium Group Armor Repairer,Module,5,94572,19226,7910,1293,272,0,0,0,0,1673,0,0,0,0,0,0,0,1343,0,1303,0,1482,0,2080,0,0,0,0,0,0,0,0,0,0,0,0,0,0,0,0,0,0,0,0,0,0,1500000,1500,5
MK7 Medium Group Armor Repairer,Module,7,179649,41856,11604,2246,579,211,0,0,0,3398,0,0,0,0,0,0,0,3001,0,2245,0,2512,0,3225,0,0,0,0,0,0,0,0,0,0,0,0,0,0,0,0,0,0,0,0,0,0,3500000,2100,5
MK9 Medium Group Armor Repairer,Module,9,268919,50891,16931,3692,988,275,160,0,0,3755,0,0,0,0,0,0,0,3648,0,4717,0,4236,0,4674,0,0,0,0,0,0,0,0,0,0,0,0,0,0,0,0,0,0,0,0,0,0,5000000,3600,5
MK7 Large Group Armor Repairer,Module,7,440420,91842,29392,5033,1639,463,0,0,0,0,5723,0,0,0,0,0,8158,0,5978,0,0,0,2185,6798,0,0,0,0,0,0,0,0,0,0,0,0,0,0,0,0,0,0,0,0,0,0,7500000,2100,3
MK9 Large Group Armor Repairer,Module,9,471111,127416,43567,9819,2014,691,468,0,0,0,8957,0,0,0,0,0,10225,0,9867,0,0,0,3036,10301,0,0,0,0,0,0,0,0,0,0,0,0,0,0,0,0,0,0,0,0,0,0,15000000,3600,3
MK5 Small Group Capacitor Transmitter,Module,5,46921,10192,3221,629,170,0,0,0,720,0,0,0,0,757,845,0,0,0,0,799,210,0,0,0,0,0,0,0,0,0,0,0,0,0,0,0,0,0,0,0,0,0,0,0,0,0,750000,1500,10
MK7 Small Group Capacitor Transmitter,Module,7,81270,17346,5480,1203,323,126,0,0,1204,0,0,0,0,1328,1667,0,0,0,0,1606,365,0,0,0,0,0,0,0,0,0,0,0,0,0,0,0,0,0,0,0,0,0,0,0,0,0,2000000,2100,10
MK9 Small Group Capacitor Transmitter,Module,9,107234,25722,9736,1772,469,155,88,0,2092,0,0,0,0,1796,2560,0,0,0,0,2043,523,0,0,0,0,0,0,0,0,0,0,0,0,0,0,0,0,0,0,0,0,0,0,0,0,0,2500000,3600,10
MK5 Medium Group Capacitor Transmitter,Module,5,73368,20666,7066,1262,385,0,0,0,0,1673,0,0,0,0,0,1415,0,1511,0,0,0,1763,367,0,0,0,0,0,0,0,0,0,0,0,0,0,0,0,0,0,0,0,0,0,0,0,1500000,1500,5
MK7 Medium Group Capacitor Transmitter,Module,7,179649,37897,14505,1904,607,208,0,0,0,2492,0,0,0,0,0,2945,0,3155,0,0,0,2759,748,0,0,0,0,0,0,0,0,0,0,0,0,0,0,0,0,0,0,0,0,0,0,0,3500000,2100,5
MK9 Medium Group Capacitor Transmitter,Module,9,280266,51716,17495,3060,793,308,194,0,0,3876,0,0,0,0,0,3845,0,4350,0,0,0,4146,1186,0,0,0,0,0,0,0,0,0,0,0,0,0,0,0,0,0,0,0,0,0,0,0,5000000,3600,5
MK7 Large Group Capacitor Transmitter,Module,7,300456,91390,32950,6073,1708,479,0,0,0,0,0,7112,0,0,0,6769,0,0,8134,0,1721,0,0,7112,0,0,0,0,0,0,0,0,0,0,0,0,0,0,0,0,0,0,0,0,0,0,7500000,2100,3
MK9 Large Group Capacitor Transmitter,Module,9,514682,112232,52596,9300,2392,754,330,0,0,0,0,11675,0,0,0,10598,0,0,10082,0,2450,0,0,10454,0,0,0,0,0,0,0,0,0,0,0,0,0,0,0,0,0,0,0,0,0,0,15000000,3600,3
Railgun Collision Accelerator I,Rig,4,0,0,0,0,0,0,0,0,0,0,0,0,0,0,0,0,0,0,0,0,0,0,0,0,0,0,0,0,0,0,0,0,0,0,0,0,95,0,0,0,0,0,0,0,0,19,15000,1800,1
Railgun Collision Accelerator II,Rig,6,0,0,0,0,0,0,0,0,0,0,0,0,0,0,0,0,0,0,0,0,0,0,0,0,0,0,0,0,0,0,0,0,0,0,0,0,0,158,0,0,0,0,0,0,0,47,45000,9000,1
Railgun Collision Accelerator III,Rig,8,0,0,0,0,0,0,0,0,0,0,0,0,0,0,0,0,0,0,0,0,0,0,0,0,0,0,0,0,0,0,0,0,0,0,0,0,0,0,296,0,0,0,0,0,0,116,200000,45000,1
Railgun Ambit Extension I,Rig,4,0,0,0,0,0,0,0,0,0,0,0,0,0,0,0,0,0,0,0,0,0,0,0,0,0,0,0,0,0,0,0,0,0,0,0,0,68,0,0,0,0,0,0,0,0,22,15000,1800,1
Railgun Ambit Extension II,Rig,6,0,0,0,0,0,0,0,0,0,0,0,0,0,0,0,0,0,0,0,0,0,0,0,0,0,0,0,0,0,0,0,0,0,0,0,0,0,113,0,0,0,0,0,0,0,54,40000,9000,1
Railgun Ambit Extension III,Rig,8,0,0,0,0,0,0,0,0,0,0,0,0,0,0,0,0,0,0,0,0,0,0,0,0,0,0,0,0,0,0,0,0,0,0,0,0,0,0,211,0,0,0,0,0,0,135,150000,45000,1
Railgun Discharge Elutriation I,Rig,4,0,0,0,0,0,0,0,0,0,0,0,0,0,0,0,0,0,0,0,0,0,0,0,0,0,0,0,0,0,0,0,0,0,0,0,0,33,0,0,0,0,0,0,0,0,18,7500,1800,1
Railgun Discharge Elutriation II,Rig,6,0,0,0,0,0,0,0,0,0,0,0,0,0,0,0,0,0,0,0,0,0,0,0,0,0,0,0,0,0,0,0,0,0,0,0,0,0,54,0,0,0,0,0,0,0,44,25000,9000,1
Railgun Discharge Elutriation III,Rig,8,0,0,0,0,0,0,0,0,0,0,0,0,0,0,0,0,0,0,0,0,0,0,0,0,0,0,0,0,0,0,0,0,0,0,0,0,0,0,101,0,0,0,0,0,0,110,90000,45000,1
Railgun Burst Aerator I,Rig,4,0,0,0,0,0,0,0,0,0,0,0,0,0,0,0,0,0,0,0,0,0,0,0,0,0,0,0,0,0,0,0,0,0,0,0,0,88,0,0,0,0,0,0,0,0,21,15000,1800,1
Railgun Burst Aerator II,Rig,6,0,0,0,0,0,0,0,0,0,0,0,0,0,0,0,0,0,0,0,0,0,0,0,0,0,0,0,0,0,0,0,0,0,0,0,0,0,146,0,0,0,0,0,0,0,51,45000,9000,1
Railgun Burst Aerator III,Rig,8,0,0,0,0,0,0,0,0,0,0,0,0,0,0,0,0,0,0,0,0,0,0,0,0,0,0,0,0,0,0,0,0,0,0,0,0,0,0,273,0,0,0,0,0,0,127,200000,45000,1
Algid Railgun Administrations Unit I,Rig,4,0,0,0,0,0,0,0,0,0,0,0,0,0,0,0,0,0,0,0,0,0,0,0,0,0,0,0,0,0,0,0,0,0,0,0,0,28,0,0,0,0,0,0,0,0,16,6500,1800,1
Algid Railgun Administrations Unit II,Rig,6,0,0,0,0,0,0,0,0,0,0,0,0,0,0,0,0,0,0,0,0,0,0,0,0,0,0,0,0,0,0,0,0,0,0,0,0,0,47,0,0,0,0,0,0,0,40,25000,9000,1
Algid Railgun Administrations Unit III,Rig,8,0,0,0,0,0,0,0,0,0,0,0,0,0,0,0,0,0,0,0,0,0,0,0,0,0,0,0,0,0,0,0,0,0,0,0,0,0,0,87,0,0,0,0,0,0,99,80000,45000,1
Laser Collision Accelerator I,Rig,4,0,0,0,0,0,0,0,0,0,0,0,0,0,0,0,0,0,0,0,0,0,0,0,0,0,0,0,0,0,0,0,0,0,0,0,0,0,0,0,48,0,0,0,56,0,0,15000,1800,1
Laser Collision Accelerator II,Rig,6,0,0,0,0,0,0,0,0,0,0,0,0,0,0,0,0,0,0,0,0,0,0,0,0,0,0,0,0,0,0,0,0,0,0,0,0,0,0,0,0,79,0,0,139,0,0,45000,9000,1
Laser Collision Accelerator III,Rig,8,0,0,0,0,0,0,0,0,0,0,0,0,0,0,0,0,0,0,0,0,0,0,0,0,0,0,0,0,0,0,0,0,0,0,0,0,0,0,0,0,0,148,0,347,0,0,200000,45000,1
Laser Ambit Extension I,Rig,4,0,0,0,0,0,0,0,0,0,0,0,0,0,0,0,0,0,0,0,0,0,0,0,0,0,0,0,0,0,0,0,0,0,0,0,0,0,0,0,34,0,0,0,65,0,0,15000,1800,1
Laser Ambit Extension II,Rig,6,0,0,0,0,0,0,0,0,0,0,0,0,0,0,0,0,0,0,0,0,0,0,0,0,0,0,0,0,0,0,0,0,0,0,0,0,0,0,0,0,57,0,0,162,0,0,40000,9000,1
Laser Ambit Extension III,Rig,8,0,0,0,0,0,0,0,0,0,0,0,0,0,0,0,0,0,0,0,0,0,0,0,0,0,0,0,0,0,0,0,0,0,0,0,0,0,0,0,0,0,106,0,405,0,0,150000,45000,1
Laser Discharge Elutriation I,Rig,4,0,0,0,0,0,0,0,0,0,0,0,0,0,0,0,0,0,0,0,0,0,0,0,0,0,0,0,0,0,0,0,0,0,0,0,0,0,0,0,17,0,0,0,53,0,0,7500,1800,1
Laser Discharge Elutriation II,Rig,6,0,0,0,0,0,0,0,0,0,0,0,0,0,0,0,0,0,0,0,0,0,0,0,0,0,0,0,0,0,0,0,0,0,0,0,0,0,0,0,0,27,0,0,132,0,0,25000,9000,1
Laser Discharge Elutriation III,Rig,8,0,0,0,0,0,0,0,0,0,0,0,0,0,0,0,0,0,0,0,0,0,0,0,0,0,0,0,0,0,0,0,0,0,0,0,0,0,0,0,0,0,51,0,330,0,0,90000,45000,1
Laser Burst Aerator I,Rig,4,0,0,0,0,0,0,0,0,0,0,0,0,0,0,0,0,0,0,0,0,0,0,0,0,0,0,0,0,0,0,0,0,0,0,0,0,0,0,0,44,0,0,0,61,0,0,15000,1800,1
Laser Burst Aerator II,Rig,6,0,0,0,0,0,0,0,0,0,0,0,0,0,0,0,0,0,0,0,0,0,0,0,0,0,0,0,0,0,0,0,0,0,0,0,0,0,0,0,0,73,0,0,152,0,0,45000,9000,1
Laser Burst Aerator III,Rig,8,0,0,0,0,0,0,0,0,0,0,0,0,0,0,0,0,0,0,0,0,0,0,0,0,0,0,0,0,0,0,0,0,0,0,0,0,0,0,0,0,0,137,0,380,0,0,200000,45000,1
Algid Energy Administrations Unit I,Rig,4,0,0,0,0,0,0,0,0,0,0,0,0,0,0,0,0,0,0,0,0,0,0,0,0,0,0,0,0,0,0,0,0,0,0,0,0,0,0,0,14,0,0,0,48,0,0,6500,1800,1
Algid Energy Administrations Unit II,Rig,6,0,0,0,0,0,0,0,0,0,0,0,0,0,0,0,0,0,0,0,0,0,0,0,0,0,0,0,0,0,0,0,0,0,0,0,0,0,0,0,0,24,0,0,119,0,0,25000,9000,1
Algid Energy Administrations Unit III,Rig,8,0,0,0,0,0,0,0,0,0,0,0,0,0,0,0,0,0,0,0,0,0,0,0,0,0,0,0,0,0,0,0,0,0,0,0,0,0,0,0,0,0,44,0,296,0,0,80000,45000,1
Cannon Collision Accelerator I,Rig,4,0,0,0,0,0,0,0,0,0,0,0,0,0,0,0,0,0,0,0,0,0,0,0,0,0,0,0,0,0,0,0,0,0,0,0,0,95,0,0,0,0,0,0,0,14,0,15000,1800,1
Cannon Collision Accelerator II,Rig,6,0,0,0,0,0,0,0,0,0,0,0,0,0,0,0,0,0,0,0,0,0,0,0,0,0,0,0,0,0,0,0,0,0,0,0,0,0,158,0,0,0,0,0,0,35,0,45000,9000,1
Cannon Collision Accelerator III,Rig,8,0,0,0,0,0,0,0,0,0,0,0,0,0,0,0,0,0,0,0,0,0,0,0,0,0,0,0,0,0,0,0,0,0,0,0,0,0,0,296,0,0,0,0,0,87,0,200000,45000,1
Cannon Ambit Extension I,Rig,4,0,0,0,0,0,0,0,0,0,0,0,0,0,0,0,0,0,0,0,0,0,0,0,0,0,0,0,0,0,0,0,0,0,0,0,0,68,0,0,0,0,0,0,0,17,0,15000,1800,1
Cannon Ambit Extension II,Rig,6,0,0,0,0,0,0,0,0,0,0,0,0,0,0,0,0,0,0,0,0,0,0,0,0,0,0,0,0,0,0,0,0,0,0,0,0,0,113,0,0,0,0,0,0,41,0,40000,9000,1
Cannon Ambit Extension III,Rig,8,0,0,0,0,0,0,0,0,0,0,0,0,0,0,0,0,0,0,0,0,0,0,0,0,0,0,0,0,0,0,0,0,0,0,0,0,0,0,211,0,0,0,0,0,102,0,150000,45000,1
Cannon Burst Aerator I,Rig,4,0,0,0,0,0,0,0,0,0,0,0,0,0,0,0,0,0,0,0,0,0,0,0,0,0,0,0,0,0,0,0,0,0,0,0,0,88,0,0,0,0,0,0,0,16,0,15000,1800,1
Cannon Burst Aerator II,Rig,6,0,0,0,0,0,0,0,0,0,0,0,0,0,0,0,0,0,0,0,0,0,0,0,0,0,0,0,0,0,0,0,0,0,0,0,0,0,146,0,0,0,0,0,0,38,0,45000,9000,1
Cannon Burst Aerator III,Rig,8,0,0,0,0,0,0,0,0,0,0,0,0,0,0,0,0,0,0,0,0,0,0,0,0,0,0,0,0,0,0,0,0,0,0,0,0,0,0,273,0,0,0,0,0,95,0,200000,45000,1
Cannon Metastasis Adjuster I,Rig,4,0,0,0,0,0,0,0,0,0,0,0,0,0,0,0,0,0,0,0,0,0,0,0,0,0,0,0,0,0,0,0,0,0,0,0,0,28,0,0,0,0,0,0,0,12,0,6500,1800,1
Cannon Metastasis Adjuster II,Rig,6,0,0,0,0,0,0,0,0,0,0,0,0,0,0,0,0,0,0,0,0,0,0,0,0,0,0,0,0,0,0,0,0,0,0,0,0,0,47,0,0,0,0,0,0,30,0,25000,9000,1
Cannon Metastasis Adjuster III,Rig,8,0,0,0,0,0,0,0,0,0,0,0,0,0,0,0,0,0,0,0,0,0,0,0,0,0,0,0,0,0,0,0,0,0,0,0,0,0,0,87,0,0,0,0,0,74,0,80000,45000,1
Decomposer Collision Accelerator I,Rig,4,0,0,0,0,0,0,0,0,0,0,0,0,0,0,0,0,0,0,0,0,0,0,0,0,0,0,0,0,0,0,0,0,0,0,0,0,0,0,0,48,0,0,0,56,0,0,45000,1800,1
Decomposer Collision Accelerator II,Rig,6,0,0,0,0,0,0,0,0,0,0,0,0,0,0,0,0,0,0,0,0,0,0,0,0,0,0,0,0,0,0,0,0,0,0,0,0,0,0,0,0,79,0,0,139,0,0,150000,9000,1
Decomposer Collision Accelerator III,Rig,8,0,0,0,0,0,0,0,0,0,0,0,0,0,0,0,0,0,0,0,0,0,0,0,0,0,0,0,0,0,0,0,0,0,0,0,0,0,0,0,0,0,148,0,347,0,0,300000,45000,1
Decomposer Ambit Extension I,Rig,4,0,0,0,0,0,0,0,0,0,0,0,0,0,0,0,0,0,0,0,0,0,0,0,0,0,0,0,0,0,0,0,0,0,0,0,0,0,0,0,34,0,0,0,65,0,0,40000,1800,1
Decomposer Ambit Extension II,Rig,6,0,0,0,0,0,0,0,0,0,0,0,0,0,0,0,0,0,0,0,0,0,0,0,0,0,0,0,0,0,0,0,0,0,0,0,0,0,0,0,0,57,0,0,162,0,0,95000,9000,1
Decomposer Ambit Extension III,Rig,8,0,0,0,0,0,0,0,0,0,0,0,0,0,0,0,0,0,0,0,0,0,0,0,0,0,0,0,0,0,0,0,0,0,0,0,0,0,0,0,0,0,106,0,405,0,0,250000,45000,1
Decomposer Discharge Elutriation I,Rig,4,0,0,0,0,0,0,0,0,0,0,0,0,0,0,0,0,0,0,0,0,0,0,0,0,0,0,0,0,0,0,0,0,0,0,0,0,0,0,0,17,0,0,0,53,0,0,25000,1800,1
Decomposer Discharge Elutriation II,Rig,6,0,0,0,0,0,0,0,0,0,0,0,0,0,0,0,0,0,0,0,0,0,0,0,0,0,0,0,0,0,0,0,0,0,0,0,0,0,0,0,0,27,0,0,132,0,0,60000,9000,1
Decomposer Discharge Elutriation III,Rig,8,0,0,0,0,0,0,0,0,0,0,0,0,0,0,0,0,0,0,0,0,0,0,0,0,0,0,0,0,0,0,0,0,0,0,0,0,0,0,0,0,0,51,0,330,0,0,150000,45000,1
Decomposer Burst Aerator I,Rig,4,0,0,0,0,0,0,0,0,0,0,0,0,0,0,0,0,0,0,0,0,0,0,0,0,0,0,0,0,0,0,0,0,0,0,0,0,0,0,0,44,0,0,0,61,0,0,45000,1800,1
Decomposer Burst Aerator II,Rig,6,0,0,0,0,0,0,0,0,0,0,0,0,0,0,0,0,0,0,0,0,0,0,0,0,0,0,0,0,0,0,0,0,0,0,0,0,0,0,0,0,73,0,0,152,0,0,150000,9000,1
Decomposer Burst Aerator III,Rig,8,0,0,0,0,0,0,0,0,0,0,0,0,0,0,0,0,0,0,0,0,0,0,0,0,0,0,0,0,0,0,0,0,0,0,0,0,0,0,0,0,0,137,0,380,0,0,300000,45000,1
Decomposer Algid Hybrid Administrations Unit I,Rig,4,0,0,0,0,0,0,0,0,0,0,0,0,0,0,0,0,0,0,0,0,0,0,0,0,0,0,0,0,0,0,0,0,0,0,0,0,0,0,0,14,0,0,0,48,0,0,25000,1800,1
Decomposer Algid Hybrid Administrations Unit II,Rig,6,0,0,0,0,0,0,0,0,0,0,0,0,0,0,0,0,0,0,0,0,0,0,0,0,0,0,0,0,0,0,0,0,0,0,0,0,0,0,0,0,24,0,0,119,0,0,55000,9000,1
Decomposer Algid Hybrid Administrations Unit III,Rig,8,0,0,0,0,0,0,0,0,0,0,0,0,0,0,0,0,0,0,0,0,0,0,0,0,0,0,0,0,0,0,0,0,0,0,0,0,0,0,0,0,0,44,0,296,0,0,150000,45000,1
Warhead Flare Catalyst I,Rig,4,0,0,0,0,0,0,0,0,0,0,0,0,0,0,0,0,0,0,0,0,0,0,0,0,0,0,0,0,0,0,0,0,0,0,0,0,57,0,0,35,0,0,0,0,0,0,15000,1800,1
Warhead Flare Catalyst II,Rig,6,0,0,0,0,0,0,0,0,0,0,0,0,0,0,0,0,0,0,0,0,0,0,0,0,0,0,0,0,0,0,0,0,0,0,0,0,0,95,0,0,58,0,0,0,0,0,35000,9000,1
Warhead Flare Catalyst III,Rig,8,0,0,0,0,0,0,0,0,0,0,0,0,0,0,0,0,0,0,0,0,0,0,0,0,0,0,0,0,0,0,0,0,0,0,0,0,0,0,178,0,0,109,0,0,0,0,150000,45000,1
Warhead Calefaction Catalyst I,Rig,4,0,0,0,0,0,0,0,0,0,0,0,0,0,0,0,0,0,0,0,0,0,0,0,0,0,0,0,0,0,0,0,0,0,0,0,0,98,0,0,27,0,0,0,0,0,0,15000,1800,1
Warhead Calefaction Catalyst II,Rig,6,0,0,0,0,0,0,0,0,0,0,0,0,0,0,0,0,0,0,0,0,0,0,0,0,0,0,0,0,0,0,0,0,0,0,0,0,0,163,0,0,44,0,0,0,0,0,45000,9000,1
Warhead Calefaction Catalyst III,Rig,8,0,0,0,0,0,0,0,0,0,0,0,0,0,0,0,0,0,0,0,0,0,0,0,0,0,0,0,0,0,0,0,0,0,0,0,0,0,0,305,0,0,83,0,0,0,0,200000,45000,1
Warhead Rigor Catalyst I,Rig,4,0,0,0,0,0,0,0,0,0,0,0,0,0,0,0,0,0,0,0,0,0,0,0,0,0,0,0,0,0,0,0,0,0,0,0,0,56,0,0,39,0,0,0,0,0,0,15000,1800,1
Warhead Rigor Catalyst II,Rig,6,0,0,0,0,0,0,0,0,0,0,0,0,0,0,0,0,0,0,0,0,0,0,0,0,0,0,0,0,0,0,0,0,0,0,0,0,0,93,0,0,64,0,0,0,0,0,40000,9000,1
Warhead Rigor Catalyst III,Rig,8,0,0,0,0,0,0,0,0,0,0,0,0,0,0,0,0,0,0,0,0,0,0,0,0,0,0,0,0,0,0,0,0,0,0,0,0,0,0,174,0,0,120,0,0,0,0,150000,45000,1
Rocket Fuel Cache Partition I,Rig,4,0,0,0,0,0,0,0,0,0,0,0,0,0,0,0,0,0,0,0,0,0,0,0,0,0,0,0,0,0,0,0,0,0,0,0,0,38,0,0,29,0,0,0,0,0,0,8000,1800,1
Rocket Fuel Cache Partition II,Rig,6,0,0,0,0,0,0,0,0,0,0,0,0,0,0,0,0,0,0,0,0,0,0,0,0,0,0,0,0,0,0,0,0,0,0,0,0,0,64,0,0,48,0,0,0,0,0,30000,9000,1
Rocket Fuel Cache Partition III,Rig,8,0,0,0,0,0,0,0,0,0,0,0,0,0,0,0,0,0,0,0,0,0,0,0,0,0,0,0,0,0,0,0,0,0,0,0,0,0,0,119,0,0,90,0,0,0,0,100000,45000,1
Hydraulic Bay Thrusters I,Rig,4,0,0,0,0,0,0,0,0,0,0,0,0,0,0,0,0,0,0,0,0,0,0,0,0,0,0,0,0,0,0,0,0,0,0,0,0,37,0,0,27,0,0,0,0,0,0,7500,1800,1
Hydraulic Bay Thrusters II,Rig,6,0,0,0,0,0,0,0,0,0,0,0,0,0,0,0,0,0,0,0,0,0,0,0,0,0,0,0,0,0,0,0,0,0,0,0,0,0,62,0,0,45,0,0,0,0,0,25000,9000,1
Hydraulic Bay Thrusters III,Rig,8,0,0,0,0,0,0,0,0,0,0,0,0,0,0,0,0,0,0,0,0,0,0,0,0,0,0,0,0,0,0,0,0,0,0,0,0,0,0,116,0,0,83,0,0,0,0,95000,45000,1
Bay Loading Accelerator I,Rig,4,0,0,0,0,0,0,0,0,0,0,0,0,0,0,0,0,0,0,0,0,0,0,0,0,0,0,0,0,0,0,0,0,0,0,0,0,94,0,0,28,0,0,0,0,0,0,15000,1800,1
Bay Loading Accelerator II,Rig,6,0,0,0,0,0,0,0,0,0,0,0,0,0,0,0,0,0,0,0,0,0,0,0,0,0,0,0,0,0,0,0,0,0,0,0,0,0,156,0,0,46,0,0,0,0,0,45000,9000,1
Bay Loading Accelerator III,Rig,8,0,0,0,0,0,0,0,0,0,0,0,0,0,0,0,0,0,0,0,0,0,0,0,0,0,0,0,0,0,0,0,0,0,0,0,0,0,0,292,0,0,86,0,0,0,0,200000,45000,1
Core Defense Operational Solidifier I,Rig,4,0,0,0,0,0,0,0,0,0,0,0,0,0,0,0,0,0,0,0,0,0,0,0,0,0,0,0,0,0,0,0,0,0,0,0,0,31,0,0,0,0,0,0,0,0,15,6500,1800,1
Core Defense Operational Solidifier II,Rig,6,0,0,0,0,0,0,0,0,0,0,0,0,0,0,0,0,0,0,0,0,0,0,0,0,0,0,0,0,0,0,0,0,0,0,0,0,0,52,0,0,0,0,0,0,0,37,25000,9000,1
Core Defense Operational Solidifier III,Rig,8,0,0,0,0,0,0,0,0,0,0,0,0,0,0,0,0,0,0,0,0,0,0,0,0,0,0,0,0,0,0,0,0,0,0,0,0,0,0,97,0,0,0,0,0,0,93,80000,45000,1
Core Defense Charge Economizer I,Rig,4,0,0,0,0,0,0,0,0,0,0,0,0,0,0,0,0,0,0,0,0,0,0,0,0,0,0,0,0,0,0,0,0,0,0,0,0,62,0,0,0,0,0,0,0,0,20,10000,1800,1
Core Defense Charge Economizer II,Rig,6,0,0,0,0,0,0,0,0,0,0,0,0,0,0,0,0,0,0,0,0,0,0,0,0,0,0,0,0,0,0,0,0,0,0,0,0,0,103,0,0,0,0,0,0,0,50,35000,9000,1
Core Defense Charge Economizer III,Rig,8,0,0,0,0,0,0,0,0,0,0,0,0,0,0,0,0,0,0,0,0,0,0,0,0,0,0,0,0,0,0,0,0,0,0,0,0,0,0,193,0,0,0,0,0,0,124,150000,45000,1
Core Defense Capacitor Safeguard I,Rig,4,0,0,0,0,0,0,0,0,0,0,0,0,0,0,0,0,0,0,0,0,0,0,0,0,0,0,0,0,0,0,0,0,0,0,0,0,57,0,0,0,0,0,0,0,0,16,9000,1800,1
Core Defense Capacitor Safeguard II,Rig,6,0,0,0,0,0,0,0,0,0,0,0,0,0,0,0,0,0,0,0,0,0,0,0,0,0,0,0,0,0,0,0,0,0,0,0,0,0,94,0,0,0,0,0,0,0,39,30000,9000,1
Core Defense Capacitor Safeguard III,Rig,8,0,0,0,0,0,0,0,0,0,0,0,0,0,0,0,0,0,0,0,0,0,0,0,0,0,0,0,0,0,0,0,0,0,0,0,0,0,0,176,0,0,0,0,0,0,96,150000,45000,1
Core Defense Field Extender I,Rig,4,0,0,0,0,0,0,0,0,0,0,0,0,0,0,0,0,0,0,0,0,0,0,0,0,0,0,0,0,0,0,0,0,0,0,0,0,96,0,0,0,0,0,0,0,0,22,15000,1800,1
Core Defense Field Extender II,Rig,6,0,0,0,0,0,0,0,0,0,0,0,0,0,0,0,0,0,0,0,0,0,0,0,0,0,0,0,0,0,0,0,0,0,0,0,0,0,160,0,0,0,0,0,0,0,54,45000,9000,1
Core Defense Field Extender III,Rig,8,0,0,0,0,0,0,0,0,0,0,0,0,0,0,0,0,0,0,0,0,0,0,0,0,0,0,0,0,0,0,0,0,0,0,0,0,0,0,300,0,0,0,0,0,0,134,200000,45000,1
Anti-Explosive Screen Reinforcer I,Rig,4,0,0,0,0,0,0,0,0,0,0,0,0,0,0,0,0,0,0,0,0,0,0,0,0,0,0,0,0,0,0,0,0,0,0,0,0,62,0,0,0,0,0,0,0,0,20,10000,1800,1
Anti-Explosive Screen Reinforcer II,Rig,6,0,0,0,0,0,0,0,0,0,0,0,0,0,0,0,0,0,0,0,0,0,0,0,0,0,0,0,0,0,0,0,0,0,0,0,0,0,102,0,0,0,0,0,0,0,49,35000,9000,1
Anti-Explosive Screen Reinforcer III,Rig,8,0,0,0,0,0,0,0,0,0,0,0,0,0,0,0,0,0,0,0,0,0,0,0,0,0,0,0,0,0,0,0,0,0,0,0,0,0,0,192,0,0,0,0,0,0,123,150000,45000,1
Anti-EM Screen Reinforcer I,Rig,4,0,0,0,0,0,0,0,0,0,0,0,0,0,0,0,0,0,0,0,0,0,0,0,0,0,0,0,0,0,0,0,0,0,0,0,0,62,0,0,0,0,0,0,0,0,20,10000,1800,1
Anti-EM Screen Reinforcer II,Rig,6,0,0,0,0,0,0,0,0,0,0,0,0,0,0,0,0,0,0,0,0,0,0,0,0,0,0,0,0,0,0,0,0,0,0,0,0,0,102,0,0,0,0,0,0,0,49,35000,9000,1
Anti-EM Screen Reinforcer III,Rig,8,0,0,0,0,0,0,0,0,0,0,0,0,0,0,0,0,0,0,0,0,0,0,0,0,0,0,0,0,0,0,0,0,0,0,0,0,0,0,192,0,0,0,0,0,0,123,150000,45000,1
Anti-Kinetic Screen Reinforcer I,Rig,4,0,0,0,0,0,0,0,0,0,0,0,0,0,0,0,0,0,0,0,0,0,0,0,0,0,0,0,0,0,0,0,0,0,0,0,0,62,0,0,0,0,0,0,0,0,20,10000,1800,1
Anti-Kinetic Screen Reinforcer II,Rig,6,0,0,0,0,0,0,0,0,0,0,0,0,0,0,0,0,0,0,0,0,0,0,0,0,0,0,0,0,0,0,0,0,0,0,0,0,0,102,0,0,0,0,0,0,0,49,35000,9000,1
Anti-Kinetic Screen Reinforcer III,Rig,8,0,0,0,0,0,0,0,0,0,0,0,0,0,0,0,0,0,0,0,0,0,0,0,0,0,0,0,0,0,0,0,0,0,0,0,0,0,0,192,0,0,0,0,0,0,123,150000,45000,1
Anti-Thermal Screen Reinforcer I,Rig,4,0,0,0,0,0,0,0,0,0,0,0,0,0,0,0,0,0,0,0,0,0,0,0,0,0,0,0,0,0,0,0,0,0,0,0,0,62,0,0,0,0,0,0,0,0,20,10000,1800,1
Anti-Thermal Screen Reinforcer II,Rig,6,0,0,0,0,0,0,0,0,0,0,0,0,0,0,0,0,0,0,0,0,0,0,0,0,0,0,0,0,0,0,0,0,0,0,0,0,0,102,0,0,0,0,0,0,0,49,35000,9000,1
Anti-Thermal Screen Reinforcer III,Rig,8,0,0,0,0,0,0,0,0,0,0,0,0,0,0,0,0,0,0,0,0,0,0,0,0,0,0,0,0,0,0,0,0,0,0,0,0,0,0,192,0,0,0,0,0,0,123,150000,45000,1
Nanobot Accelerator I,Rig,4,0,0,0,0,0,0,0,0,0,0,0,0,0,0,0,0,0,0,0,0,0,0,0,0,0,0,0,0,0,0,0,0,0,0,0,0,0,0,0,16,0,0,8,0,0,0,7000,1800,1
Nanobot Accelerator II,Rig,6,0,0,0,0,0,0,0,0,0,0,0,0,0,0,0,0,0,0,0,0,0,0,0,0,0,0,0,0,0,0,0,0,0,0,0,0,0,0,0,0,26,0,19,0,0,0,25000,9000,1
Nanobot Accelerator III,Rig,8,0,0,0,0,0,0,0,0,0,0,0,0,0,0,0,0,0,0,0,0,0,0,0,0,0,0,0,0,0,0,0,0,0,0,0,0,0,0,0,0,0,49,47,0,0,0,80000,45000,1
Auxiliary Nano Pump I,Rig,4,0,0,0,0,0,0,0,0,0,0,0,0,0,0,0,0,0,0,0,0,0,0,0,0,0,0,0,0,0,0,0,0,0,0,0,0,0,0,0,31,0,0,10,0,0,0,10000,1800,1
Auxiliary Nano Pump II,Rig,6,0,0,0,0,0,0,0,0,0,0,0,0,0,0,0,0,0,0,0,0,0,0,0,0,0,0,0,0,0,0,0,0,0,0,0,0,0,0,0,0,52,0,25,0,0,0,35000,9000,1
Auxiliary Nano Pump III,Rig,8,0,0,0,0,0,0,0,0,0,0,0,0,0,0,0,0,0,0,0,0,0,0,0,0,0,0,0,0,0,0,0,0,0,0,0,0,0,0,0,0,0,97,62,0,0,0,150000,45000,1
Repair Augmentor I,Rig,4,0,0,0,0,0,0,0,0,0,0,0,0,0,0,0,0,0,0,0,0,0,0,0,0,0,0,0,0,0,0,0,0,0,0,0,0,0,0,0,29,0,0,8,0,0,0,9000,1800,1
Repair Augmentor II,Rig,6,0,0,0,0,0,0,0,0,0,0,0,0,0,0,0,0,0,0,0,0,0,0,0,0,0,0,0,0,0,0,0,0,0,0,0,0,0,0,0,0,47,0,20,0,0,0,30000,9000,1
Repair Augmentor III,Rig,8,0,0,0,0,0,0,0,0,0,0,0,0,0,0,0,0,0,0,0,0,0,0,0,0,0,0,0,0,0,0,0,0,0,0,0,0,0,0,0,0,0,88,48,0,0,0,150000,45000,1
Trimark Armor Pump I,Rig,4,0,0,0,0,0,0,0,0,0,0,0,0,0,0,0,0,0,0,0,0,0,0,0,0,0,0,0,0,0,0,0,0,0,0,0,0,0,0,0,48,0,0,11,0,0,0,15000,1800,1
Trimark Armor Pump II,Rig,6,0,0,0,0,0,0,0,0,0,0,0,0,0,0,0,0,0,0,0,0,0,0,0,0,0,0,0,0,0,0,0,0,0,0,0,0,0,0,0,0,80,0,27,0,0,0,45000,9000,1
Trimark Armor Pump III,Rig,8,0,0,0,0,0,0,0,0,0,0,0,0,0,0,0,0,0,0,0,0,0,0,0,0,0,0,0,0,0,0,0,0,0,0,0,0,0,0,0,0,0,150,67,0,0,0,200000,45000,1
Anti-Explosive Pump I,Rig,4,0,0,0,0,0,0,0,0,0,0,0,0,0,0,0,0,0,0,0,0,0,0,0,0,0,0,0,0,0,0,0,0,0,0,0,0,0,0,0,31,0,0,10,0,0,0,10000,1800,1
Anti-Explosive Pump II,Rig,6,0,0,0,0,0,0,0,0,0,0,0,0,0,0,0,0,0,0,0,0,0,0,0,0,0,0,0,0,0,0,0,0,0,0,0,0,0,0,0,0,51,0,25,0,0,0,35000,9000,1
Anti-Explosive Pump III,Rig,8,0,0,0,0,0,0,0,0,0,0,0,0,0,0,0,0,0,0,0,0,0,0,0,0,0,0,0,0,0,0,0,0,0,0,0,0,0,0,0,0,0,96,62,0,0,0,150000,45000,1
Anti-EM Pump I,Rig,4,0,0,0,0,0,0,0,0,0,0,0,0,0,0,0,0,0,0,0,0,0,0,0,0,0,0,0,0,0,0,0,0,0,0,0,0,0,0,0,31,0,0,10,0,0,0,10000,1800,1
Anti-EM Pump II,Rig,6,0,0,0,0,0,0,0,0,0,0,0,0,0,0,0,0,0,0,0,0,0,0,0,0,0,0,0,0,0,0,0,0,0,0,0,0,0,0,0,0,51,0,25,0,0,0,35000,9000,1
Anti-EM Pump III,Rig,8,0,0,0,0,0,0,0,0,0,0,0,0,0,0,0,0,0,0,0,0,0,0,0,0,0,0,0,0,0,0,0,0,0,0,0,0,0,0,0,0,0,96,62,0,0,0,150000,45000,1
Anti-Kinetic Pump I,Rig,4,0,0,0,0,0,0,0,0,0,0,0,0,0,0,0,0,0,0,0,0,0,0,0,0,0,0,0,0,0,0,0,0,0,0,0,0,0,0,0,31,0,0,10,0,0,0,10000,1800,1
Anti-Kinetic Pump II,Rig,6,0,0,0,0,0,0,0,0,0,0,0,0,0,0,0,0,0,0,0,0,0,0,0,0,0,0,0,0,0,0,0,0,0,0,0,0,0,0,0,0,51,0,25,0,0,0,35000,9000,1
Anti-Kinetic Pump III,Rig,8,0,0,0,0,0,0,0,0,0,0,0,0,0,0,0,0,0,0,0,0,0,0,0,0,0,0,0,0,0,0,0,0,0,0,0,0,0,0,0,0,0,96,62,0,0,0,150000,45000,1
Anti-Thermal Pump I,Rig,4,0,0,0,0,0,0,0,0,0,0,0,0,0,0,0,0,0,0,0,0,0,0,0,0,0,0,0,0,0,0,0,0,0,0,0,0,0,0,0,31,0,0,10,0,0,0,10000,1800,1
Anti-Thermal Pump II,Rig,6,0,0,0,0,0,0,0,0,0,0,0,0,0,0,0,0,0,0,0,0,0,0,0,0,0,0,0,0,0,0,0,0,0,0,0,0,0,0,0,0,51,0,25,0,0,0,35000,9000,1
Anti-Thermal Pump III,Rig,8,0,0,0,0,0,0,0,0,0,0,0,0,0,0,0,0,0,0,0,0,0,0,0,0,0,0,0,0,0,0,0,0,0,0,0,0,0,0,0,0,0,96,62,0,0,0,150000,45000,1
Dynamic Fuel Valve I,Rig,4,0,0,0,0,0,0,0,0,0,0,0,0,0,0,0,0,0,0,0,0,0,0,0,0,0,0,0,0,0,0,0,0,0,0,0,0,30,0,0,0,0,0,0,0,14,0,7500,1800,1
Dynamic Fuel Valve II,Rig,6,0,0,0,0,0,0,0,0,0,0,0,0,0,0,0,0,0,0,0,0,0,0,0,0,0,0,0,0,0,0,0,0,0,0,0,0,0,49,0,0,0,0,0,0,34,0,25000,9000,1
Dynamic Fuel Valve III,Rig,8,0,0,0,0,0,0,0,0,0,0,0,0,0,0,0,0,0,0,0,0,0,0,0,0,0,0,0,0,0,0,0,0,0,0,0,0,0,0,91,0,0,0,0,0,85,0,90000,45000,1
Auxiliary Thrusters I,Rig,4,0,0,0,0,0,0,0,0,0,0,0,0,0,0,0,0,0,0,0,0,0,0,0,0,0,0,0,0,0,0,0,0,0,0,0,0,98,0,0,0,0,0,0,0,14,0,15000,1800,1
Auxiliary Thrusters II,Rig,6,0,0,0,0,0,0,0,0,0,0,0,0,0,0,0,0,0,0,0,0,0,0,0,0,0,0,0,0,0,0,0,0,0,0,0,0,0,163,0,0,0,0,0,0,33,0,45000,9000,1
Auxiliary Thrusters III,Rig,8,0,0,0,0,0,0,0,0,0,0,0,0,0,0,0,0,0,0,0,0,0,0,0,0,0,0,0,0,0,0,0,0,0,0,0,0,0,0,305,0,0,0,0,0,83,0,200000,45000,1
Polycarbon Engine Housing I,Rig,4,0,0,0,0,0,0,0,0,0,0,0,0,0,0,0,0,0,0,0,0,0,0,0,0,0,0,0,0,0,0,0,0,0,0,0,0,68,0,0,0,0,0,0,0,14,0,15000,1800,1
Polycarbon Engine Housing II,Rig,6,0,0,0,0,0,0,0,0,0,0,0,0,0,0,0,0,0,0,0,0,0,0,0,0,0,0,0,0,0,0,0,0,0,0,0,0,0,113,0,0,0,0,0,0,35,0,35000,9000,1
Polycarbon Engine Housing III,Rig,8,0,0,0,0,0,0,0,0,0,0,0,0,0,0,0,0,0,0,0,0,0,0,0,0,0,0,0,0,0,0,0,0,0,0,0,0,0,0,212,0,0,0,0,0,87,0,150000,45000,1
Cargohold Optimization I,Rig,4,0,0,0,0,0,0,0,0,0,0,0,0,0,0,0,0,0,0,0,0,0,0,0,0,0,0,0,0,0,0,0,0,0,0,0,0,68,0,0,0,0,0,0,0,17,0,15000,1800,1
Cargohold Optimization II,Rig,6,0,0,0,0,0,0,0,0,0,0,0,0,0,0,0,0,0,0,0,0,0,0,0,0,0,0,0,0,0,0,0,0,0,0,0,0,0,113,0,0,0,0,0,0,43,0,40000,9000,1
Cargohold Optimization III,Rig,8,0,0,0,0,0,0,0,0,0,0,0,0,0,0,0,0,0,0,0,0,0,0,0,0,0,0,0,0,0,0,0,0,0,0,0,0,0,0,211,0,0,0,0,0,106,0,150000,45000,1
Higgs Anchor I,Rig,4,0,0,0,0,0,0,0,0,0,0,0,0,0,0,0,0,0,0,0,0,0,0,0,0,0,0,0,0,0,0,0,0,0,0,0,0,82,0,0,0,0,0,0,0,30,0,20000,1800,1
Higgs Anchor II,Rig,6,0,0,0,0,0,0,0,0,0,0,0,0,0,0,0,0,0,0,0,0,0,0,0,0,0,0,0,0,0,0,0,0,0,0,0,0,0,137,0,0,0,0,0,0,74,0,55000,9000,1
Higgs Anchor III,Rig,8,0,0,0,0,0,0,0,0,0,0,0,0,0,0,0,0,0,0,0,0,0,0,0,0,0,0,0,0,0,0,0,0,0,0,0,0,0,0,257,0,0,0,0,0,185,0,250000,45000,1
Warp Core Optimizer I,Rig,4,0,0,0,0,0,0,0,0,0,0,0,0,0,0,0,0,0,0,0,0,0,0,0,0,0,0,0,0,0,0,0,0,0,0,0,0,77,0,0,0,0,0,0,0,15,0,15000,1800,1
Warp Core Optimizer II,Rig,6,0,0,0,0,0,0,0,0,0,0,0,0,0,0,0,0,0,0,0,0,0,0,0,0,0,0,0,0,0,0,0,0,0,0,0,0,0,129,0,0,0,0,0,0,37,0,40000,9000,1
Warp Core Optimizer III,Rig,8,0,0,0,0,0,0,0,0,0,0,0,0,0,0,0,0,0,0,0,0,0,0,0,0,0,0,0,0,0,0,0,0,0,0,0,0,0,0,241,0,0,0,0,0,91,0,150000,45000,1
Hyperspatial Velocity Optimizer I,Rig,4,0,0,0,0,0,0,0,0,0,0,0,0,0,0,0,0,0,0,0,0,0,0,0,0,0,0,0,0,0,0,0,0,0,0,0,0,95,0,0,0,0,0,0,0,17,0,15000,1800,1
Hyperspatial Velocity Optimizer II,Rig,6,0,0,0,0,0,0,0,0,0,0,0,0,0,0,0,0,0,0,0,0,0,0,0,0,0,0,0,0,0,0,0,0,0,0,0,0,0,158,0,0,0,0,0,0,41,0,45000,9000,1
Hyperspatial Velocity Optimizer III,Rig,8,0,0,0,0,0,0,0,0,0,0,0,0,0,0,0,0,0,0,0,0,0,0,0,0,0,0,0,0,0,0,0,0,0,0,0,0,0,0,295,0,0,0,0,0,103,0,200000,45000,1
Semiconductor Memory Cell I,Rig,4,0,0,0,0,0,0,0,0,0,0,0,0,0,0,0,0,0,0,0,0,0,0,0,0,0,0,0,0,0,0,0,0,0,0,0,0,0,0,0,43,0,0,0,50,0,0,15000,1800,1
Semiconductor Memory Cell II,Rig,6,0,0,0,0,0,0,0,0,0,0,0,0,0,0,0,0,0,0,0,0,0,0,0,0,0,0,0,0,0,0,0,0,0,0,0,0,0,0,0,0,71,0,0,125,0,0,40000,9000,1
Semiconductor Memory Cell III,Rig,8,0,0,0,0,0,0,0,0,0,0,0,0,0,0,0,0,0,0,0,0,0,0,0,0,0,0,0,0,0,0,0,0,0,0,0,0,0,0,0,0,0,133,0,313,0,0,150000,45000,1
Capacitor Control Circuit I,Rig,4,0,0,0,0,0,0,0,0,0,0,0,0,0,0,0,0,0,0,0,0,0,0,0,0,0,0,0,0,0,0,0,0,0,0,0,0,0,0,0,40,0,0,0,65,0,0,15000,1800,1
Capacitor Control Circuit II,Rig,6,0,0,0,0,0,0,0,0,0,0,0,0,0,0,0,0,0,0,0,0,0,0,0,0,0,0,0,0,0,0,0,0,0,0,0,0,0,0,0,0,66,0,0,161,0,0,40000,9000,1
Capacitor Control Circuit III,Rig,8,0,0,0,0,0,0,0,0,0,0,0,0,0,0,0,0,0,0,0,0,0,0,0,0,0,0,0,0,0,0,0,0,0,0,0,0,0,0,0,0,0,123,0,403,0,0,150000,45000,1
Ancillary Powergrid Router I,Rig,4,0,0,0,0,0,0,0,0,0,0,0,0,0,0,0,0,0,0,0,0,0,0,0,0,0,0,0,0,0,0,0,0,0,0,0,0,0,0,0,20,0,0,0,56,0,0,8000,1800,1
Ancillary Powergrid Router II,Rig,6,0,0,0,0,0,0,0,0,0,0,0,0,0,0,0,0,0,0,0,0,0,0,0,0,0,0,0,0,0,0,0,0,0,0,0,0,0,0,0,0,34,0,0,138,0,0,30000,9000,1
Ancillary Powergrid Router III,Rig,8,0,0,0,0,0,0,0,0,0,0,0,0,0,0,0,0,0,0,0,0,0,0,0,0,0,0,0,0,0,0,0,0,0,0,0,0,0,0,0,0,0,63,0,345,0,0,100000,45000,1
Targeting System Subcontroller I,Rig,4,0,0,0,0,0,0,0,0,0,0,0,0,0,0,0,0,0,0,0,0,0,0,0,0,0,0,0,0,0,0,0,0,0,0,0,0,0,0,0,15,0,0,0,56,0,0,7500,1800,1
Targeting System Subcontroller II,Rig,6,0,0,0,0,0,0,0,0,0,0,0,0,0,0,0,0,0,0,0,0,0,0,0,0,0,0,0,0,0,0,0,0,0,0,0,0,0,0,0,0,25,0,0,139,0,0,25000,9000,1
Targeting System Subcontroller III,Rig,8,0,0,0,0,0,0,0,0,0,0,0,0,0,0,0,0,0,0,0,0,0,0,0,0,0,0,0,0,0,0,0,0,0,0,0,0,0,0,0,0,0,47,0,346,0,0,90000,45000,1
Gravity Capacitor Upgrade I,Rig,4,0,0,0,0,0,0,0,0,0,0,0,0,0,0,0,0,0,0,0,0,0,0,0,0,0,0,0,0,0,0,0,0,0,0,0,0,45,0,0,0,0,0,0,0,8,0,6500,1800,1
Gravity Capacitor Upgrade II,Rig,6,0,0,0,0,0,0,0,0,0,0,0,0,0,0,0,0,0,0,0,0,0,0,0,0,0,0,0,0,0,0,0,0,0,0,0,0,0,75,0,0,0,0,0,0,19,0,25000,9000,1
Gravity Capacitor Upgrade III,Rig,8,0,0,0,0,0,0,0,0,0,0,0,0,0,0,0,0,0,0,0,0,0,0,0,0,0,0,0,0,0,0,0,0,0,0,0,0,0,0,141,0,0,0,0,0,47,0,80000,45000,1
Emission Scope Sharpener I,Rig,4,0,0,0,0,0,0,0,0,0,0,0,0,0,0,0,0,0,0,0,0,0,0,0,0,0,0,0,0,0,0,0,0,0,0,0,0,26,0,0,0,0,0,0,0,8,0,5000,1800,1
Emission Scope Sharpener II,Rig,6,0,0,0,0,0,0,0,0,0,0,0,0,0,0,0,0,0,0,0,0,0,0,0,0,0,0,0,0,0,0,0,0,0,0,0,0,0,42,0,0,0,0,0,0,20,0,20000,9000,1
Emission Scope Sharpener III,Rig,8,0,0,0,0,0,0,0,0,0,0,0,0,0,0,0,0,0,0,0,0,0,0,0,0,0,0,0,0,0,0,0,0,0,0,0,0,0,0,79,0,0,0,0,0,49,0,60000,45000,1
Miner Efficiency Upgrade I,Rig,4,0,0,0,0,0,0,0,0,0,0,0,0,0,0,0,0,0,0,0,0,0,0,0,0,0,0,0,0,0,0,0,0,0,0,0,0,0,0,0,47,0,0,0,57,0,0,15000,1800,1
Miner Efficiency Upgrade II,Rig,6,0,0,0,0,0,0,0,0,0,0,0,0,0,0,0,0,0,0,0,0,0,0,0,0,0,0,0,0,0,0,0,0,0,0,0,0,0,0,0,0,78,0,0,143,0,0,45000,9000,1
Miner Efficiency Upgrade III,Rig,8,0,0,0,0,0,0,0,0,0,0,0,0,0,0,0,0,0,0,0,0,0,0,0,0,0,0,0,0,0,0,0,0,0,0,0,0,0,0,0,0,0,146,0,357,0,0,200000,45000,1
Miner Circulation Accelerator I,Rig,4,0,0,0,0,0,0,0,0,0,0,0,0,0,0,0,0,0,0,0,0,0,0,0,0,0,0,0,0,0,0,0,0,0,0,0,0,0,0,0,30,0,0,0,73,0,0,15000,1800,1
Miner Circulation Accelerator II,Rig,6,0,0,0,0,0,0,0,0,0,0,0,0,0,0,0,0,0,0,0,0,0,0,0,0,0,0,0,0,0,0,0,0,0,0,0,0,0,0,0,0,50,0,0,182,0,0,40000,9000,1
Miner Circulation Accelerator III,Rig,8,0,0,0,0,0,0,0,0,0,0,0,0,0,0,0,0,0,0,0,0,0,0,0,0,0,0,0,0,0,0,0,0,0,0,0,0,0,0,0,0,0,93,0,454,0,0,150000,45000,1
Miner Range Controller I,Rig,4,0,0,0,0,0,0,0,0,0,0,0,0,0,0,0,0,0,0,0,0,0,0,0,0,0,0,0,0,0,0,0,0,0,0,0,0,0,0,0,18,0,0,0,51,0,0,7500,1800,1
Miner Range Controller II,Rig,6,0,0,0,0,0,0,0,0,0,0,0,0,0,0,0,0,0,0,0,0,0,0,0,0,0,0,0,0,0,0,0,0,0,0,0,0,0,0,0,0,30,0,0,126,0,0,25000,9000,1
Miner Range Controller III,Rig,8,0,0,0,0,0,0,0,0,0,0,0,0,0,0,0,0,0,0,0,0,0,0,0,0,0,0,0,0,0,0,0,0,0,0,0,0,0,0,0,0,0,55,0,314,0,0,90000,45000,1
Miner Algid Optimizer I,Rig,4,0,0,0,0,0,0,0,0,0,0,0,0,0,0,0,0,0,0,0,0,0,0,0,0,0,0,0,0,0,0,0,0,0,0,0,0,0,0,0,25,0,0,0,44,0,0,8000,1800,1
Miner Algid Optimizer II,Rig,6,0,0,0,0,0,0,0,0,0,0,0,0,0,0,0,0,0,0,0,0,0,0,0,0,0,0,0,0,0,0,0,0,0,0,0,0,0,0,0,0,42,0,0,110,0,0,30000,9000,1
Miner Algid Optimizer III,Rig,8,0,0,0,0,0,0,0,0,0,0,0,0,0,0,0,0,0,0,0,0,0,0,0,0,0,0,0,0,0,0,0,0,0,0,0,0,0,0,0,0,0,78,0,274,0,0,100000,45000,1
Transverse Bulkhead I,Rig,4,0,0,0,0,0,0,0,0,0,0,0,0,0,0,0,0,0,0,0,0,0,0,0,0,0,0,0,0,0,0,0,0,0,0,0,0,150,0,0,0,0,0,17,0,0,0,25000,1800,1
Transverse Bulkhead II,Rig,6,0,0,0,0,0,0,0,0,0,0,0,0,0,0,0,0,0,0,0,0,0,0,0,0,0,0,0,0,0,0,0,0,0,0,0,0,0,250,0,0,0,0,42,0,0,0,70000,9000,1
Transverse Bulkhead III,Rig,8,0,0,0,0,0,0,0,0,0,0,0,0,0,0,0,0,0,0,0,0,0,0,0,0,0,0,0,0,0,0,0,0,0,0,0,0,0,0,469,0,0,0,105,0,0,0,300000,45000,1
Anti-Explosive Transverse Bulkhead I,Rig,4,0,0,0,0,0,0,0,0,0,0,0,0,0,0,0,0,0,0,0,0,0,0,0,0,0,0,0,0,0,0,0,0,0,0,0,0,86,0,0,0,0,0,15,0,0,0,15000,1800,1
Anti-Explosive Transverse Bulkhead II,Rig,6,0,0,0,0,0,0,0,0,0,0,0,0,0,0,0,0,0,0,0,0,0,0,0,0,0,0,0,0,0,0,0,0,0,0,0,0,0,143,0,0,0,0,38,0,0,0,50000,9000,1
Anti-Explosive Transverse Bulkhead III,Rig,8,0,0,0,0,0,0,0,0,0,0,0,0,0,0,0,0,0,0,0,0,0,0,0,0,0,0,0,0,0,0,0,0,0,0,0,0,0,0,268,0,0,0,93,0,0,0,200000,45000,1
Anti-EM Transverse Bulkhead I,Rig,4,0,0,0,0,0,0,0,0,0,0,0,0,0,0,0,0,0,0,0,0,0,0,0,0,0,0,0,0,0,0,0,0,0,0,0,0,86,0,0,0,0,0,15,0,0,0,15000,1800,1
Anti-EM Transverse Bulkhead II,Rig,6,0,0,0,0,0,0,0,0,0,0,0,0,0,0,0,0,0,0,0,0,0,0,0,0,0,0,0,0,0,0,0,0,0,0,0,0,0,143,0,0,0,0,38,0,0,0,50000,9000,1
Anti-EM Transverse Bulkhead III,Rig,8,0,0,0,0,0,0,0,0,0,0,0,0,0,0,0,0,0,0,0,0,0,0,0,0,0,0,0,0,0,0,0,0,0,0,0,0,0,0,268,0,0,0,93,0,0,0,200000,45000,1
Anti-Kinetic Transverse Bulkhead I,Rig,4,0,0,0,0,0,0,0,0,0,0,0,0,0,0,0,0,0,0,0,0,0,0,0,0,0,0,0,0,0,0,0,0,0,0,0,0,86,0,0,0,0,0,15,0,0,0,15000,1800,1
Anti-Kinetic Transverse Bulkhead II,Rig,6,0,0,0,0,0,0,0,0,0,0,0,0,0,0,0,0,0,0,0,0,0,0,0,0,0,0,0,0,0,0,0,0,0,0,0,0,0,143,0,0,0,0,38,0,0,0,50000,9000,1
Anti-Kinetic Transverse Bulkhead III,Rig,8,0,0,0,0,0,0,0,0,0,0,0,0,0,0,0,0,0,0,0,0,0,0,0,0,0,0,0,0,0,0,0,0,0,0,0,0,0,0,268,0,0,0,93,0,0,0,200000,45000,1
Anti-Thermal Transverse Bulkhead I,Rig,4,0,0,0,0,0,0,0,0,0,0,0,0,0,0,0,0,0,0,0,0,0,0,0,0,0,0,0,0,0,0,0,0,0,0,0,0,86,0,0,0,0,0,15,0,0,0,15000,1800,1
Anti-Thermal Transverse Bulkhead II,Rig,6,0,0,0,0,0,0,0,0,0,0,0,0,0,0,0,0,0,0,0,0,0,0,0,0,0,0,0,0,0,0,0,0,0,0,0,0,0,143,0,0,0,0,38,0,0,0,50000,9000,1
Anti-Thermal Transverse Bulkhead III,Rig,8,0,0,0,0,0,0,0,0,0,0,0,0,0,0,0,0,0,0,0,0,0,0,0,0,0,0,0,0,0,0,0,0,0,0,0,0,0,0,268,0,0,0,93,0,0,0,200000,45000,1
Sentry Damage Augmentor I,Rig,4,0,0,0,0,0,0,0,0,0,0,0,0,0,0,0,0,0,0,0,0,0,0,0,0,0,0,0,0,0,0,0,0,0,0,0,0,82,0,0,23,0,0,0,0,0,0,15000,1800,1
Sentry Damage Augmentor II,Rig,6,0,0,0,0,0,0,0,0,0,0,0,0,0,0,0,0,0,0,0,0,0,0,0,0,0,0,0,0,0,0,0,0,0,0,0,0,0,137,0,0,37,0,0,0,0,0,35000,9000,1
Sentry Damage Augmentor III,Rig,8,0,0,0,0,0,0,0,0,0,0,0,0,0,0,0,0,0,0,0,0,0,0,0,0,0,0,0,0,0,0,0,0,0,0,0,0,0,0,256,0,0,69,0,0,0,0,150000,45000,1
Drone Scope Chip I,Rig,4,0,0,0,0,0,0,0,0,0,0,0,0,0,0,0,0,0,0,0,0,0,0,0,0,0,0,0,0,0,0,0,0,0,0,0,0,58,0,0,28,0,0,0,0,0,0,9500,1800,1
Drone Scope Chip II,Rig,6,0,0,0,0,0,0,0,0,0,0,0,0,0,0,0,0,0,0,0,0,0,0,0,0,0,0,0,0,0,0,0,0,0,0,0,0,0,97,0,0,47,0,0,0,0,0,35000,9000,1
Drone Scope Chip III,Rig,8,0,0,0,0,0,0,0,0,0,0,0,0,0,0,0,0,0,0,0,0,0,0,0,0,0,0,0,0,0,0,0,0,0,0,0,0,0,0,181,0,0,87,0,0,0,0,150000,45000,1
Drone Speed Augmentor I,Rig,4,0,0,0,0,0,0,0,0,0,0,0,0,0,0,0,0,0,0,0,0,0,0,0,0,0,0,0,0,0,0,0,0,0,0,0,0,86,0,0,25,0,0,0,0,0,0,15000,1800,1
Drone Speed Augmentor II,Rig,6,0,0,0,0,0,0,0,0,0,0,0,0,0,0,0,0,0,0,0,0,0,0,0,0,0,0,0,0,0,0,0,0,0,0,0,0,0,142,0,0,42,0,0,0,0,0,40000,9000,1
Drone Speed Augmentor III,Rig,8,0,0,0,0,0,0,0,0,0,0,0,0,0,0,0,0,0,0,0,0,0,0,0,0,0,0,0,0,0,0,0,0,0,0,0,0,0,0,266,0,0,79,0,0,0,0,150000,45000,1
Drone Control Range Augmentor I,Rig,4,0,0,0,0,0,0,0,0,0,0,0,0,0,0,0,0,0,0,0,0,0,0,0,0,0,0,0,0,0,0,0,0,0,0,0,0,86,0,0,25,0,0,0,0,0,0,15000,1800,1
Drone Control Range Augmentor II,Rig,6,0,0,0,0,0,0,0,0,0,0,0,0,0,0,0,0,0,0,0,0,0,0,0,0,0,0,0,0,0,0,0,0,0,0,0,0,0,142,0,0,42,0,0,0,0,0,40000,9000,1
Drone Control Range Augmentor III,Rig,8,0,0,0,0,0,0,0,0,0,0,0,0,0,0,0,0,0,0,0,0,0,0,0,0,0,0,0,0,0,0,0,0,0,0,0,0,0,0,266,0,0,79,0,0,0,0,150000,45000,1
MK3 Acolyte,Drone,3,10796,3163,1135,204,0,0,0,0,365,0,0,0,0,334,0,0,0,0,292,0,100,0,79,0,0,0,0,0,0,0,0,0,0,0,0,0,0,0,0,0,0,0,0,0,0,0,250000,600,10
MK5 Acolyte,Drone,5,45986,8880,3053,591,179,0,0,0,1165,0,0,0,0,1087,0,0,0,0,951,0,254,0,290,0,0,0,0,0,0,0,0,0,0,0,0,0,0,0,0,0,0,0,0,0,0,0,850000,1500,10
MK7 Acolyte,Drone,7,93228,20352,6190,1509,300,113,0,0,2364,0,0,0,0,1826,0,0,0,0,2083,0,694,0,547,0,0,0,0,0,0,0,0,0,0,0,0,0,0,0,0,0,0,0,0,0,0,0,2000000,2100,10
MK9 Acolyte,Drone,9,126232,27382,10684,2191,606,190,96,0,2939,0,0,0,0,3878,0,0,0,0,3402,0,902,0,949,0,0,0,0,0,0,0,0,0,0,0,0,0,0,0,0,0,0,0,0,0,0,0,3500000,3600,10
MK3 Hornet,Drone,3,11696,2929,1311,174,0,0,0,0,0,332,0,0,277,0,377,0,0,0,0,329,0,353,0,0,0,0,0,0,0,0,0,0,0,0,0,0,0,0,0,0,0,0,0,0,0,0,250000,600,10
MK5 Hornet,Drone,5,37644,9570,3205,537,209,0,0,0,0,976,0,0,1019,0,1352,0,0,0,0,981,0,927,0,0,0,0,0,0,0,0,0,0,0,0,0,0,0,0,0,0,0,0,0,0,0,0,850000,1500,10
MK7 Hornet,Drone,7,79307,21375,8113,1355,283,115,0,0,0,2558,0,0,1760,0,2388,0,0,0,0,2011,0,2223,0,0,0,0,0,0,0,0,0,0,0,0,0,0,0,0,0,0,0,0,0,0,0,0,2000000,2100,10
MK9 Hornet,Drone,9,144834,32214,9142,1841,546,193,108,0,0,3290,0,0,3385,0,3630,0,0,0,0,3096,0,3694,0,0,0,0,0,0,0,0,0,0,0,0,0,0,0,0,0,0,0,0,0,0,0,0,3500000,3600,10
MK3 Hobgoblin,Drone,3,15551,3241,927,166,0,0,0,0,0,0,317,0,0,0,0,407,0,0,314,0,0,0,0,373,76,0,0,0,0,0,0,0,0,0,0,0,0,0,0,0,0,0,0,0,0,0,250000,600,10
MK5 Hobgoblin,Drone,5,43544,10409,2800,567,183,0,0,0,0,0,952,0,0,0,0,1148,0,0,1192,0,0,0,0,1186,235,0,0,0,0,0,0,0,0,0,0,0,0,0,0,0,0,0,0,0,0,0,850000,1500,10
MK7 Hobgoblin,Drone,7,82260,22806,6574,1002,374,131,0,0,0,0,2515,0,0,0,0,2078,0,0,2227,0,0,0,0,2022,586,0,0,0,0,0,0,0,0,0,0,0,0,0,0,0,0,0,0,0,0,0,2000000,2100,10
MK9 Hobgoblin,Drone,9,134204,36562,10024,2172,513,168,97,0,0,0,2859,0,0,0,0,3747,0,0,3646,0,0,0,0,3463,1001,0,0,0,0,0,0,0,0,0,0,0,0,0,0,0,0,0,0,0,0,0,3500000,3600,10
MK3 Warrior,Drone,3,11953,3147,1124,190,0,0,0,0,0,341,0,386,0,0,0,0,375,0,0,297,0,0,92,0,0,0,0,0,0,0,0,0,0,0,0,0,0,0,0,0,0,0,0,0,0,0,250000,600,10
MK5 Warrior,Drone,5,43748,10162,3020,534,184,0,0,0,0,1035,0,1397,0,0,0,0,993,0,0,1196,0,0,237,0,0,0,0,0,0,0,0,0,0,0,0,0,0,0,0,0,0,0,0,0,0,0,850000,1500,10
MK7 Warrior,Drone,7,69183,20045,6749,1348,376,129,0,0,0,2100,0,2364,0,0,0,0,2766,0,0,2189,0,0,535,0,0,0,0,0,0,0,0,0,0,0,0,0,0,0,0,0,0,0,0,0,0,0,2000000,2100,10
MK9 Warrior,Drone,9,118259,37851,11400,1646,551,232,80,0,0,3817,0,3128,0,0,0,0,4096,0,0,3536,0,0,898,0,0,0,0,0,0,0,0,0,0,0,0,0,0,0,0,0,0,0,0,0,0,0,3500000,3600,10
MK5 Infiltrator,Drone,5,37847,9669,3155,686,168,0,0,0,0,0,0,0,983,0,0,927,0,1123,978,0,0,0,0,0,284,0,0,0,0,0,0,0,0,0,0,0,0,0,0,0,0,0,0,0,0,0,850000,1500,5
MK7 Infiltrator,Drone,7,83526,17897,9057,1082,354,115,0,0,0,0,0,0,1594,0,0,2055,0,2504,2559,0,0,0,0,0,505,0,0,0,0,0,0,0,0,0,0,0,0,0,0,0,0,0,0,0,0,0,2000000,2100,5
MK9 Infiltrator,Drone,9,135533,34952,11015,1802,600,186,86,0,0,0,0,0,2422,0,0,3237,0,3944,3716,0,0,0,0,0,905,0,0,0,0,0,0,0,0,0,0,0,0,0,0,0,0,0,0,0,0,0,3500000,3600,5
MK5 Vespa,Drone,5,33981,11445,3104,624,173,0,0,0,1110,0,0,0,0,1087,0,0,0,861,0,981,314,0,0,0,0,0,0,0,0,0,0,0,0,0,0,0,0,0,0,0,0,0,0,0,0,0,850000,1500,5
MK7 Vespa,Drone,7,84791,22909,5840,1317,359,114,0,0,2250,0,0,0,0,2129,0,0,0,1889,0,2402,570,0,0,0,0,0,0,0,0,0,0,0,0,0,0,0,0,0,0,0,0,0,0,0,0,0,2000000,2100,5
MK9 Vespa,Drone,9,115602,33985,10464,1909,557,196,106,0,3151,0,0,0,0,3796,0,0,0,3221,0,3342,931,0,0,0,0,0,0,0,0,0,0,0,0,0,0,0,0,0,0,0,0,0,0,0,0,0,3500000,3600,5
MK5 Hammerhead,Drone,5,37644,11248,2952,618,171,0,0,0,0,1116,0,0,0,0,1312,0,0,0,1010,0,0,1067,0,0,248,0,0,0,0,0,0,0,0,0,0,0,0,0,0,0,0,0,0,0,0,0,850000,1500,5
MK7 Hammerhead,Drone,7,87322,23727,5805,1256,295,135,0,0,0,2670,0,0,0,0,2459,0,0,0,2382,0,0,1910,0,0,487,0,0,0,0,0,0,0,0,0,0,0,0,0,0,0,0,0,0,0,0,0,2000000,2100,5
MK9 Hammerhead,Drone,9,125568,30603,12612,2347,459,204,82,0,0,3290,0,0,0,0,4003,0,0,0,4204,0,0,3202,0,0,804,0,0,0,0,0,0,0,0,0,0,0,0,0,0,0,0,0,0,0,0,0,3500000,3600,5
MK5 Valkyrie,Drone,5,43341,9077,3779,591,151,0,0,0,0,0,1082,0,0,916,0,1110,0,0,0,1019,0,0,0,1186,0,0,0,0,0,0,0,0,0,0,0,0,0,0,0,0,0,0,0,0,0,0,850000,1500,5
MK7 Valkyrie,Drone,7,86900,23829,6120,1052,335,136,0,0,0,0,1983,0,0,1993,0,2457,0,0,0,2212,0,0,0,2376,0,0,0,0,0,0,0,0,0,0,0,0,0,0,0,0,0,0,0,0,0,0,2000000,2100,5
MK9 Valkyrie,Drone,9,150814,33985,9748,1899,587,191,84,0,0,0,3319,0,0,3812,0,3360,0,0,0,3254,0,0,0,3537,0,0,0,0,0,0,0,0,0,0,0,0,0,0,0,0,0,0,0,0,0,0,3500000,3600,5
MK7 Praetor,Drone,7,186279,53505,15693,3102,745,325,0,0,0,5575,0,4681,0,0,0,0,6128,0,5396,0,0,0,1468,0,0,0,0,0,0,0,0,0,0,0,0,0,0,0,0,0,0,0,0,0,0,0,5000000,2100,3
MK9 Praetor,Drone,9,314095,75374,26169,4744,1290,557,192,0,0,9709,0,10097,0,0,0,0,7238,0,9084,0,0,0,1833,0,0,0,0,0,0,0,0,0,0,0,0,0,0,0,0,0,0,0,0,0,0,0,8000000,3600,3
MK7 Wasp,Drone,7,228799,41233,18295,3191,840,249,0,0,0,0,0,0,4846,0,0,4664,0,4382,0,6379,0,0,0,0,1365,0,0,0,0,0,0,0,0,0,0,0,0,0,0,0,0,0,0,0,0,0,5000000,2100,3
MK9 Wasp,Drone,9,363521,74601,24054,4908,1173,511,213,0,0,0,0,0,7352,0,0,7218,0,7768,0,9329,0,0,0,0,2215,0,0,0,0,0,0,0,0,0,0,0,0,0,0,0,0,0,0,0,0,0,8000000,3600,3
MK7 Ogre,Drone,7,201465,52033,18715,2567,737,314,0,0,4801,0,0,0,0,4958,0,0,0,0,5636,0,1561,0,1326,0,0,0,0,0,0,0,0,0,0,0,0,0,0,0,0,0,0,0,0,0,0,0,5000000,2100,3
MK9 Ogre,Drone,9,286990,90062,22600,5212,1147,446,257,0,7326,0,0,0,0,6940,0,0,0,0,7871,0,2893,0,2255,0,0,0,0,0,0,0,0,0,0,0,0,0,0,0,0,0,0,0,0,0,0,0,8000000,3600,3
MK7 Berserker,Drone,7,184255,48351,17540,2924,968,265,0,0,0,5120,0,0,0,0,5192,0,0,0,0,5388,0,6031,0,0,1399,0,0,0,0,0,0,0,0,0,0,0,0,0,0,0,0,0,0,0,0,0,5000000,2100,3
MK9 Berserker,Drone,9,309312,67643,29076,4067,1511,545,194,0,0,10004,0,0,0,0,9784,0,0,0,0,7007,0,8358,0,0,1983,0,0,0,0,0,0,0,0,0,0,0,0,0,0,0,0,0,0,0,0,0,8000000,3600,3
MK7 Curator,Drone,7,237905,71175,23497,3395,915,358,0,0,7308,0,5978,0,0,0,0,6600,0,0,7210,0,0,0,0,5674,0,0,0,0,0,0,0,0,0,0,0,0,0,0,0,0,0,0,0,0,0,0,6000000,2100,3
MK9 Curator,Drone,9,434469,107262,28581,6748,1857,480,232,0,8325,0,8872,0,0,0,0,12083,0,0,12821,0,0,0,0,9829,0,0,0,0,0,0,0,0,0,0,0,0,0,0,0,0,0,0,0,0,0,0,10000000,3600,3
MK7 Warden,Drone,7,269541,57369,18987,4099,1148,322,0,0,0,0,0,6205,0,0,0,0,7446,0,0,7404,0,6734,1702,0,0,0,0,0,0,0,0,0,0,0,0,0,0,0,0,0,0,0,0,0,0,0,6000000,2100,3
MK9 Warden,Drone,9,368701,92284,33041,5229,1816,515,350,0,0,0,0,10443,0,0,0,0,11671,0,0,10078,0,11872,2611,0,0,0,0,0,0,0,0,0,0,0,0,0,0,0,0,0,0,0,0,0,0,0,10000000,3600,3
MK7 Guard,Drone,7,278399,65346,20980,3599,1070,303,0,0,0,6868,0,0,5585,0,0,0,0,6854,5150,0,0,0,0,0,1924,0,0,0,0,0,0,0,0,0,0,0,0,0,0,0,0,0,0,0,0,0,6000000,2100,3
MK9 Guard,Drone,9,348771,87936,30398,6748,1889,653,243,0,0,11502,0,0,6608,0,0,0,0,10153,10937,0,0,0,0,0,2975,0,0,0,0,0,0,0,0,0,0,0,0,0,0,0,0,0,0,0,0,0,10000000,3600,3
MK7 Bouncer,Drone,7,258152,60437,21819,3728,962,373,0,0,6313,0,0,0,0,6134,0,0,0,0,0,6868,1661,0,0,7730,0,0,0,0,0,0,0,0,0,0,0,0,0,0,0,0,0,0,0,0,0,0,6000000,2100,3
MK9 Bouncer,Drone,9,406568,84070,30068,6573,1808,638,246,0,10333,0,0,0,0,10301,0,0,0,0,0,11028,2925,0,0,9605,0,0,0,0,0,0,0,0,0,0,0,0,0,0,0,0,0,0,0,0,0,0,10000000,3600,3
Capsuleer Outpost,Structure,6,0,0,0,0,0,0,0,0,0,0,0,0,0,0,0,0,0,0,0,0,0,0,0,0,0,0,0,0,0,0,0,0,0,0,0,0,0,0,0,0,0,0,0,0,0,0,450000000,600000,1
Standard Standup Small Missile Launcher,Structure,6,1024541,212201,76200,12413,4137,1316,580,0,0,0,0,0,0,0,0,0,0,0,0,0,0,0,0,0,0,52104,0,0,31168,0,24713,0,0,0,18751,28203,0,0,0,0,0,0,0,0,0,0,9500000,21600,1
Standard Standup Medium Missile Launcher,Structure,6,906142,235369,73351,11865,4163,1159,713,0,0,0,0,0,0,0,0,0,0,0,0,0,0,0,0,0,0,42091,0,0,29483,0,24806,0,0,0,17248,39104,0,0,0,0,0,0,0,0,0,0,9500000,21600,1
Standard Standup Large Missile Launcher,Structure,6,822381,205708,78306,11205,4263,1473,741,0,0,0,0,0,0,0,0,0,0,0,0,0,0,0,0,0,0,54272,0,0,21009,0,31339,0,0,0,18174,30811,0,0,0,0,0,0,0,0,0,0,9500000,21600,1
Standard Standup Stasis Webifier,Structure,6,1330697,330588,114456,18229,4801,1558,1051,0,0,0,0,0,0,0,0,0,0,0,0,0,0,0,0,0,0,0,63237,21849,0,0,0,52003,51611,17743,0,0,0,0,0,0,0,0,0,0,0,0,15000000,21600,1
Standard Standup Warp Disruptor,Structure,6,1457986,308901,93597,17832,5573,1819,747,0,0,0,0,0,0,0,0,0,0,0,0,0,0,0,0,0,0,0,57865,0,0,47473,50056,0,0,0,34883,49448,0,0,0,0,0,0,0,0,0,0,15000000,21600,1
Standard Standup Energy Neutralizer,Structure,6,1285962,349648,132053,17060,4895,1655,931,0,0,0,0,0,0,0,0,0,0,0,0,0,0,0,0,0,0,77672,0,0,45651,0,0,43126,46720,0,37850,0,0,0,0,0,0,0,0,0,0,0,15000000,21600,1
Industry Service Center,Structure,6,4525089,1130710,367419,75690,15381,6297,3983,0,0,0,0,0,0,0,0,0,0,0,0,0,0,0,0,0,0,274992,0,0,120551,0,0,136350,228392,0,84213,0,0,0,0,0,0,0,0,0,0,0,50000000,21600,1
Structure Construction Parts,Structure,6,3002023,806108,330463,46168,13938,4869,2664,0,0,0,0,0,0,0,0,0,0,0,0,0,0,0,0,0,0,25057,0,7494,0,0,14894,0,19992,0,10052,0,0,0,0,0,0,0,0,0,0,0,20000000,86400,1
Structure Hangar Array,Structure,6,3384698,888057,254448,56539,11636,4664,2789,0,0,0,0,0,0,0,0,0,0,0,0,0,0,0,0,0,0,25931,0,0,0,16787,15066,0,17841,0,11406,0,0,0,0,0,0,0,0,0,0,0,20000000,86400,1
Structure Storage Bay,Structure,6,3137279,954954,253578,50145,15588,5279,2076,0,0,0,0,0,0,0,0,0,0,0,0,0,0,0,0,0,0,0,18533,0,15027,0,17212,0,0,6529,0,14664,0,0,0,0,0,0,0,0,0,0,20000000,86400,1
Structure Laboratory,Structure,6,3813559,847083,310154,46017,13244,4874,2233,0,0,0,0,0,0,0,0,0,0,0,0,0,0,0,0,0,0,0,23384,6677,0,0,0,16095,17298,0,12939,0,0,0,0,0,0,0,0,0,0,0,20000000,86400,1
Structure Factory,Structure,6,3740982,808617,285783,45715,14534,4170,2754,0,0,0,0,0,0,0,0,0,0,0,0,0,0,0,0,0,0,22295,0,6718,0,0,16377,0,20185,6110,0,0,0,0,0,0,0,0,0,0,0,0,20000000,86400,1
Structure Repair Facility,Structure,6,3371503,888893,277079,50548,13924,4610,2515,0,0,0,0,0,0,0,0,0,0,0,0,0,0,0,0,0,0,0,26353,0,13935,0,0,12105,0,0,10355,19442,0,0,0,0,0,0,0,0,0,0,20000000,86400,1
Structure Reprocessing Plant,Structure,6,3572737,841229,293326,45715,15907,4263,2425,0,0,0,0,0,0,0,0,0,0,0,0,0,0,0,0,0,0,0,19466,0,11768,0,0,14086,0,6700,0,21596,0,0,0,0,0,0,0,0,0,0,20000000,86400,1
Structure Docking Bay,Structure,6,3434182,906454,316537,54022,13383,5035,1785,0,0,0,0,0,0,0,0,0,0,0,0,0,0,0,0,0,0,0,24256,6087,0,0,17566,0,20100,5417,0,0,0,0,0,0,0,0,0,0,0,0,20000000,86400,1
Structure Market Network,Structure,6,2751305,806108,301740,51152,16059,5846,1974,0,0,0,0,0,0,0,0,0,0,0,0,0,0,0,0,0,0,32054,0,0,0,12739,0,14912,23652,0,9308,0,0,0,0,0,0,0,0,0,0,0,20000000,86400,1
Structure Medical Center,Structure,6,3394595,859626,278239,46319,11871,5333,2784,0,0,0,0,0,0,0,0,0,0,0,0,0,0,0,0,0,0,28118,0,0,12305,0,0,14329,20514,6784,0,0,0,0,0,0,0,0,0,0,0,0,20000000,86400,1
Structure Office Center,Structure,6,3503460,720815,288684,50850,11927,4971,2976,0,0,0,0,0,0,0,0,0,0,0,0,0,0,0,0,0,0,25178,0,4994,0,0,0,15760,0,6710,0,17801,0,0,0,0,0,0,0,0,0,0,20000000,86400,1
Structure Mission Network,Structure,6,3252741,924850,256769,49440,13674,5025,2560,0,0,0,0,0,0,0,0,0,0,0,0,0,0,0,0,0,0,23583,0,0,0,14191,18426,0,0,0,10302,15798,0,0,0,0,0,0,0,0,0,0,20000000,86400,1
Structure Electromagnetic Sensor,Structure,6,3447378,769315,254448,49642,15352,4967,2615,0,0,0,0,0,0,0,0,0,0,0,0,0,0,0,0,0,0,0,17668,0,0,18583,0,15900,0,0,11733,16095,0,0,0,0,0,0,0,0,0,0,20000000,86400,1
Structure Acceleration Coils,Structure,6,2546771,801091,319148,56740,12717,5348,2572,0,0,0,0,0,0,0,0,0,0,0,0,0,0,0,0,0,0,0,18678,0,0,13589,0,18292,0,7060,0,16084,0,0,0,0,0,0,0,0,0,0,20000000,86400,1
Structure Advertisement Nexus,Structure,6,3130681,719979,331624,56186,14270,4072,2664,0,0,0,0,0,0,0,0,0,0,0,0,0,0,0,0,0,0,0,23828,0,17012,0,14292,0,21243,0,9281,0,0,0,0,0,0,0,0,0,0,0,20000000,86400,1
